"Player","G","AB","R","HR","RBI","SB","BB","SO","AVG","OBP","SLG","OPS"
"Aaron Hicks",32,108,13,4,14,0,14,30,0.194,0.294,0.333,0.627
"Aaron Judge",148,550,89,39,98,6,75,158,0.287,0.373,0.544,0.917
"Abraham Almonte",64,148,20,5,19,1,26,38,0.216,0.331,0.399,0.73
"Abraham Toro",95,335,45,11,46,6,31,54,0.238659701492537,0.314659701492537,0.37285671641791,0.687516417910448
"Adalberto Mondesi",35,126,19,6,17,15,6,43,0.23,0.271,0.452,0.723
"Adam Duvall",146,513,67,38,113,5,35,174,0.227836257309942,0.280879142300195,0.491576998050682,0.772456140350877
"Adam Eaton",58,189,33,5,28,2,20,55,0.201,0.298,0.344,0.642
"Adam Engel",39,123,21,7,18,7,11,31,0.252,0.336,0.496,0.832
"Adam Frazier",155,577,83,5,43,10,48,69,0.30513171577123,0.367807625649913,0.41059445407279,0.778402079722704
"Adolis Garcia",149,581,77,31,90,16,32,194,0.243,0.286,0.454,0.74
"AJ Pollock",117,384,53,21,69,9,30,80,0.297,0.355,0.536,0.891
"Akil Baddoo",124,413,60,13,55,18,45,122,0.259,0.33,0.436,0.766
"Albert Pujols",85,189,20,12,38,1,11,32,0.254,0.299,0.46,0.759
"Alcides Escobar",75,319,53,4,28,3,17,56,0.288,0.34,0.404,0.744
"Alec Bohm",115,380,46,7,47,4,31,111,0.247,0.305,0.342,0.647
"Aledmys Diaz",84,294,28,8,45,0,16,62,0.259,0.317,0.405,0.722
"Alejandro Kirk",60,165,19,8,24,0,19,22,0.242,0.328,0.436,0.764
"Alex Bregman",91,348,54,12,55,1,44,53,0.27,0.355,0.422,0.777
"Alex Dickerson",111,283,37,13,38,1,23,76,0.233,0.304,0.42,0.724
"Alex Jackson",42,108,11,3,12,0,11,60,0.157,0.26,0.278,0.538
"Alex Kirilloff",59,215,23,8,34,1,14,52,0.251,0.299,0.423,0.722
"Alex Verdugo",146,544,88,13,63,6,51,96,0.289,0.351,0.426,0.777
"Amed Rosario",141,550,77,11,57,13,31,120,0.282,0.321,0.409,0.73
"Andrelton Simmons",131,412,37,3,31,1,32,62,0.223,0.283,0.274,0.557
"Andres Gimenez",68,188,23,5,16,11,11,54,0.218,0.282,0.351,0.633
"Andrew Benintendi",134,493,63,17,73,8,36,97,0.276,0.324,0.442,0.766
"Andrew Knapp",62,145,13,2,11,0,10,61,0.152,0.215,0.214,0.429
"Andrew Knizner",63,161,18,1,9,0,20,39,0.174,0.281,0.236,0.517
"Andrew McCutchen",144,482,78,27,80,6,81,132,0.222,0.334,0.444,0.778
"Andrew Stevenson",109,192,22,5,23,1,13,61,0.229,0.294,0.339,0.633
"Andrew Vaughn",127,417,56,15,48,1,41,101,0.235,0.309,0.396,0.705
"Andy Ibanez",76,253,31,7,25,0,15,35,0.277,0.321,0.435,0.756
"Anthony Alford",49,133,14,5,11,5,12,58,0.233,0.311,0.406,0.717
"Anthony Rendon",58,217,24,6,34,0,29,41,0.24,0.329,0.382,0.711
"Anthony Rizzo",141,496,73,22,61,6,52,87,0.248348790322581,0.343907258064516,0.439721774193548,0.783629032258065
"Anthony Santander",110,406,54,18,50,1,23,101,0.241,0.286,0.433,0.719
"Aristides Aquino",84,174,25,10,23,2,27,75,0.19,0.299,0.408,0.707
"Asdrubal Cabrera",90,283,34,7,40,1,33,73,0.244,0.324,0.392,0.716
"Austin Barnes",77,200,28,6,23,1,20,56,0.215,0.299,0.345,0.644
"Austin Hays",131,488,73,22,71,4,28,107,0.256,0.308,0.461,0.769
"Austin Hedges",88,286,32,10,31,1,15,87,0.178,0.22,0.308,0.528
"Austin Meadows",142,518,79,27,106,4,59,122,0.234,0.315,0.458,0.773
"Austin Nola",56,173,15,2,29,0,14,19,0.272,0.34,0.376,0.716
"Austin Riley",160,590,91,33,107,0,52,168,0.303,0.367,0.531,0.898
"Austin Slater",129,274,39,12,32,15,28,84,0.241,0.32,0.423,0.743
"Austin Wynns",45,130,14,4,14,1,8,31,0.185,0.232,0.308,0.54
"Avisail Garcia",135,461,68,29,86,8,38,121,0.262,0.33,0.49,0.82
"Ben Gamel",111,326,42,8,26,3,48,99,0.255,0.352,0.399,0.751
"Billy Hamilton",71,127,23,2,11,9,4,47,0.22,0.242,0.378,0.62
"Bo Bichette",159,640,121,29,102,25,40,137,0.298,0.343,0.484,0.827
"Bobby Bradley",74,245,36,16,41,0,25,99,0.208,0.294,0.445,0.739
"Bobby Dalbec",133,417,50,25,78,2,28,156,0.24,0.298,0.494,0.792
"Brad Miller",140,331,53,20,49,3,45,112,0.227,0.321,0.453,0.774
"Bradley Zimmer",99,299,44,8,35,15,30,122,0.227,0.325,0.344,0.669
"Brandon Belt",97,325,65,29,59,3,48,103,0.274,0.378,0.597,0.975
"Brandon Crawford",138,483,79,24,90,11,56,105,0.298,0.373,0.522,0.895
"Brandon Lowe",149,535,97,39,99,7,68,167,0.247,0.34,0.523,0.863
"Brandon Marsh",70,236,27,2,19,6,20,91,0.254,0.317,0.356,0.673
"Brandon Nimmo",92,325,51,8,28,5,54,79,0.292,0.401,0.437,0.838
"Brendan Rodgers",102,387,49,15,51,0,19,84,0.284,0.328,0.47,0.798
"Brent Rooker",58,189,25,9,16,0,15,70,0.201,0.291,0.397,0.688
"Brett Gardner",140,387,47,10,39,4,60,100,0.222,0.327,0.362,0.689
"Brett Phillips",119,253,50,13,44,14,33,113,0.206,0.3,0.427,0.727
"Brian Anderson",67,233,24,7,28,5,26,65,0.249,0.337,0.378,0.715
"Brian Goodwin",72,235,33,8,29,1,33,58,0.221,0.319,0.374,0.693
"Brock Holt",77,235,21,2,23,5,23,49,0.209,0.281,0.298,0.579
"Bryan De La Cruz",58,199,17,5,19,1,18,53,0.296,0.356,0.427,0.783
"Bryan Reynolds",159,559,93,24,90,5,75,119,0.302,0.39,0.522,0.912
"Bryce Harper",141,488,101,35,84,13,100,134,0.309,0.429,0.615,1.044
"Buster Posey",113,395,68,18,56,0,56,87,0.304,0.39,0.499,0.889
"Byron Buxton",61,235,50,19,32,9,13,62,0.306,0.358,0.647,1.005
"C.J. Cron",142,470,70,28,92,1,60,117,0.281,0.375,0.53,0.905
"Cal Raleigh",47,139,6,2,13,0,7,52,0.18,0.223,0.309,0.532
"Cam Gallagher",48,112,9,1,7,0,8,20,0.25,0.298,0.33,0.628
"Carlos Correa",148,555,104,26,92,0,75,116,0.279,0.366,0.485,0.851
"Carlos Santana",158,565,66,19,69,2,86,102,0.214,0.319,0.342,0.661
"Carson Kelly",98,304,41,13,46,0,44,74,0.24,0.343,0.411,0.754
"Carter Kieboom",62,217,26,6,20,0,25,62,0.207,0.301,0.318,0.619
"Cavan Biggio",79,250,27,7,27,3,37,78,0.224,0.322,0.356,0.678
"Cedric Mullins",159,602,91,30,59,30,59,125,0.291,0.36,0.518,0.878
"Cesar Hernandez",149,570,84,21,62,1,59,135,0.231340350877193,0.307680701754386,0.386073684210526,0.693754385964912
"Chad Pinder",75,214,30,6,27,1,16,62,0.243,0.3,0.411,0.711
"Charlie Blackmon",150,514,76,13,78,3,54,91,0.27,0.351,0.411,0.762
"Charlie Culberson",91,247,23,5,22,7,17,64,0.243,0.296,0.381,0.677
"Chas McCormick",108,284,47,14,50,4,25,104,0.257,0.319,0.447,0.766
"Chris Taylor",148,507,92,20,73,13,63,167,0.254,0.344,0.438,0.782
"Christian Arroyo",57,164,22,6,25,1,8,44,0.262,0.324,0.445,0.769
"Christian Vazquez",138,458,51,6,49,8,33,84,0.258,0.308,0.352,0.66
"Christian Walker",115,401,55,10,46,0,38,106,0.244,0.315,0.382,0.697
"Christian Yelich",117,399,70,9,51,9,70,113,0.248,0.362,0.373,0.735
"Clint Frazier",66,183,20,5,15,2,32,65,0.186,0.317,0.317,0.634
"Cody Bellinger",95,315,39,10,36,3,31,94,0.165,0.24,0.302,0.542
"Cole Tucker",43,117,15,2,12,2,13,33,0.222,0.298,0.342,0.64
"Colin Moran",99,318,29,10,50,1,36,87,0.258,0.334,0.39,0.724
"Connor Joe",63,179,23,8,35,0,26,41,0.285,0.379,0.469,0.848
"Corey Dickerson",109,336,43,6,29,6,25,68,0.270407738095238,0.325949404761905,0.407291666666667,0.733241071428571
"Corey Seager",95,353,54,16,57,1,48,66,0.306,0.394,0.521,0.915
"Curt Casali",77,200,20,5,26,0,26,66,0.21,0.313,0.35,0.663
"Daniel Vogelbach",93,215,30,9,24,0,43,57,0.219,0.349,0.381,0.73
"Danny Jansen",70,184,32,11,28,0,17,44,0.223,0.299,0.473,0.772
"Danny Mendick",71,164,14,2,20,0,18,42,0.22,0.303,0.287,0.59
"Danny Santana",38,116,15,5,14,4,10,30,0.181,0.252,0.345,0.597
"Dansby Swanson",160,588,78,27,88,9,52,167,0.248,0.311,0.449,0.76
"Darin Ruf",117,262,41,16,43,2,46,87,0.271,0.385,0.519,0.904
"Daulton Varsho",95,284,41,11,38,6,30,67,0.246,0.318,0.437,0.755
"David Bote",97,291,32,8,35,0,27,73,0.199,0.276,0.33,0.606
"David Dahl",63,205,19,4,18,2,10,59,0.21,0.247,0.322,0.569
"David Fletcher",157,626,74,2,47,15,31,60,0.262,0.297,0.324,0.621
"David Peralta",150,487,57,8,63,2,46,92,0.259,0.325,0.402,0.727
"Daz Cameron",35,103,16,4,13,6,10,38,0.194,0.278,0.359,0.637
"Derek Hill",49,139,19,3,14,6,10,42,0.259,0.313,0.388,0.701
"Didi Gregorius",103,368,35,13,54,3,25,67,0.209,0.27,0.37,0.64
"DJ LeMahieu",150,597,84,10,57,4,73,94,0.268,0.349,0.362,0.711
"DJ Peters",52,197,24,12,34,2,4,68,0.198,0.218,0.426,0.644
"DJ Stewart",100,270,39,12,33,0,44,89,0.204,0.324,0.374,0.698
"Dom Nunez",81,228,31,10,33,0,34,91,0.189,0.293,0.399,0.692
"Dominic Smith",145,446,43,11,58,2,32,112,0.244,0.304,0.363,0.667
"Donovan Solano",101,307,35,7,31,2,25,58,0.28,0.344,0.404,0.748
"Dylan Carlson",149,542,79,18,65,2,57,152,0.266,0.343,0.437,0.78
"Dylan Moore",126,332,42,12,43,21,40,111,0.181,0.276,0.334,0.61
"Eddie Rosario",78,283,29,7,46,9,17,47,0.254,0.296,0.389,0.685
"Edmundo Sosa",113,288,39,6,27,4,17,63,0.271,0.346,0.389,0.735
"Eduardo Escobar",146,549,77,28,90,1,48,124,0.253173041894353,0.313693989071038,0.471479052823315,0.785173041894353
"Edward Olivares",39,101,14,5,12,2,5,19,0.238,0.291,0.406,0.697
"Ehire Adrianza",109,182,32,5,28,0,21,42,0.247,0.327,0.401,0.728
"Eli White",64,198,26,6,15,4,18,66,0.177,0.259,0.308,0.567
"Elias Diaz",106,338,52,18,44,0,30,60,0.246,0.31,0.464,0.774
"Eloy Jimenez",55,213,23,10,37,0,16,57,0.249,0.303,0.437,0.74
"Elvis Andrus",146,497,60,3,37,12,31,81,0.243,0.294,0.32,0.614
"Enrique Hernandez",134,508,84,20,60,1,61,110,0.25,0.337,0.449,0.786
"Eric Haase",98,351,48,22,61,2,26,119,0.231,0.286,0.459,0.745
"Eric Hosmer",151,509,53,12,65,5,48,99,0.269,0.337,0.395,0.732
"Eric Sogard",78,169,16,1,12,3,9,30,0.249,0.283,0.314,0.597
"Erik Gonzalez",71,220,17,2,21,2,8,40,0.232,0.258,0.3,0.558
"Ernie Clement",40,121,16,3,9,0,7,19,0.231,0.285,0.339,0.624
"Eugenio Suarez",145,505,71,31,79,0,56,171,0.198,0.286,0.428,0.714
"Evan Longoria",81,253,45,13,46,1,35,68,0.261,0.351,0.482,0.833
"Fernando Tatis",130,478,99,42,97,25,62,153,0.282,0.364,0.611,0.975
"Franchy Cordero",48,127,12,1,9,1,8,51,0.189,0.237,0.26,0.497
"Francisco Lindor",125,452,73,20,63,10,58,96,0.23,0.322,0.412,0.734
"Francisco Mejia",84,250,31,6,35,0,17,49,0.26,0.322,0.416,0.738
"Frank Schwindel",56,222,42,13,40,2,16,36,0.342,0.389,0.613,1.002
"Franmil Reyes",115,418,57,30,85,4,43,149,0.254,0.324,0.522,0.846
"Freddie Freeman",159,600,120,31,83,8,85,107,0.3,0.393,0.503,0.896
"Freddy Galvis",104,356,53,14,40,1,27,77,0.24148595505618,0.301792134831461,0.407688202247191,0.709480337078652
"Garrett Cooper",71,215,30,9,33,1,30,68,0.284,0.38,0.465,0.845
"Garrett Hampson",147,453,69,11,33,17,33,118,0.234,0.289,0.38,0.669
"Gary Sanchez",117,383,54,23,54,0,52,121,0.204,0.307,0.423,0.73
"Gavin Lux",102,335,49,7,46,4,41,83,0.242,0.328,0.364,0.692
"Gavin Sheets",54,160,23,11,34,0,16,40,0.25,0.324,0.506,0.83
"George Springer",78,299,59,22,50,4,37,79,0.264,0.352,0.555,0.907
"Giancarlo Stanton",139,510,64,35,97,0,63,157,0.273,0.354,0.516,0.87
"Gio Urshela",116,420,42,14,49,1,20,109,0.267,0.301,0.419,0.72
"Gleyber Torres",127,459,50,9,51,14,50,104,0.259,0.331,0.366,0.697
"Gregory Polanco",107,336,38,11,36,14,36,104,0.208,0.283,0.354,0.637
"Guillermo Heredia",120,305,46,5,26,0,32,81,0.22,0.311,0.354,0.665
"Ha-Seong Kim",117,267,27,8,34,6,22,71,0.202,0.27,0.352,0.622
"Hanser Alberto",103,241,25,2,24,3,4,26,0.27,0.291,0.402,0.693
"Harold Castro",106,315,35,3,37,1,14,72,0.283,0.31,0.359,0.669
"Harold Ramirez",99,339,33,7,41,3,14,56,0.268,0.305,0.398,0.703
"Harrison Bader",103,367,45,16,50,9,27,85,0.267,0.324,0.46,0.784
"Hoy Park",44,127,16,3,14,1,18,38,0.197,0.299,0.339,0.638
"Hunter Dozier",144,487,55,16,54,5,43,154,0.216,0.285,0.394,0.679
"Hunter Renfroe",144,521,89,31,96,1,44,130,0.259,0.315,0.501,0.816
"Ian Happ",148,465,63,25,66,9,62,156,0.226,0.323,0.434,0.757
"Isan Diaz",89,238,25,4,17,1,34,73,0.193,0.293,0.282,0.575
"Isiah Kiner-Falefa",158,635,74,8,53,20,28,90,0.271,0.312,0.357,0.669
"J.D. Davis",73,179,18,5,23,1,24,68,0.285,0.384,0.436,0.82
"J.D. Martinez",148,570,92,28,99,0,55,150,0.286,0.349,0.518,0.867
"J.P. Crawford",160,619,89,9,54,3,58,114,0.273,0.338,0.376,0.714
"J.T. Realmuto",134,476,64,17,73,13,48,129,0.263,0.343,0.439,0.782
"Jace Peterson",94,259,36,6,31,10,38,68,0.247,0.348,0.367,0.715
"Jack Mayfield",75,232,28,10,36,5,16,58,0.224,0.282,0.414,0.696
"Jackie Bradley",134,387,39,6,29,7,28,132,0.163,0.236,0.261,0.497
"Jacob Stallings",112,374,38,8,53,0,49,85,0.246,0.335,0.369,0.704
"JaCoby Jones",36,100,9,2,9,2,5,42,0.17,0.21,0.25,0.46
"Jake Bauers",115,282,27,4,19,6,30,78,0.20936170212766,0.28990780141844,0.27677304964539,0.56668085106383
"Jake Cave",76,164,14,3,13,1,10,62,0.189,0.249,0.293,0.542
"Jake Cronenworth",152,567,94,21,71,4,55,90,0.266,0.34,0.46,0.8
"Jake Fraley",78,214,27,9,36,10,46,71,0.21,0.352,0.369,0.721
"Jake Lamb",43,113,20,6,13,0,17,38,0.212,0.321,0.389,0.71
"Jake Marisnick",65,128,17,5,22,3,9,43,0.227,0.294,0.438,0.732
"Jake Meyers",49,146,22,6,28,3,10,50,0.26,0.323,0.438,0.761
"Jake Rogers",38,113,17,6,17,1,11,46,0.239,0.306,0.496,0.802
"James McCann",121,375,29,10,46,1,32,115,0.232,0.294,0.349,0.643
"Jared Walsh",144,530,70,29,98,2,48,152,0.277,0.34,0.509,0.849
"Jarred Kelenic",93,337,41,14,43,6,36,106,0.181,0.265,0.35,0.615
"Jarren Duran",33,107,17,2,10,2,4,40,0.215,0.241,0.336,0.577
"Jarrod Dyson",77,122,13,0,10,8,6,28,0.221,0.256,0.311,0.567
"Jason Castro",66,149,22,8,21,0,25,54,0.235,0.356,0.443,0.799
"Jason Heyward",104,323,35,8,30,5,27,68,0.214,0.28,0.347,0.627
"Jason Martin",58,144,14,6,17,3,8,41,0.208,0.248,0.354,0.602
"Javier Baez",138,502,80,31,87,18,28,184,0.264966135458167,0.318280876494024,0.494312749003984,0.812593625498008
"Jazz Chisholm",124,464,70,18,53,23,34,145,0.248,0.303,0.425,0.728
"Jean Segura",131,514,76,14,58,9,39,78,0.29,0.348,0.436,0.784
"Jed Lowrie",139,457,55,14,69,0,49,108,0.245,0.318,0.398,0.716
"Jeff McNeil",120,386,48,7,35,3,29,58,0.251,0.319,0.36,0.679
"Jeimer Candelario",149,557,75,16,67,0,65,135,0.271,0.351,0.443,0.794
"Jesse Winker",110,423,77,24,71,1,53,75,0.305,0.394,0.556,0.95
"Jesus Aguilar",131,449,49,22,93,0,46,93,0.261,0.329,0.459,0.788
"Jesus Sanchez",64,227,27,14,36,0,20,78,0.251,0.319,0.489,0.808
"Ji-Man Choi",83,258,36,11,45,0,45,87,0.229,0.348,0.411,0.759
"Jo Adell",35,130,17,4,26,2,8,32,0.246,0.295,0.408,0.703
"Joc Pederson",137,429,55,18,61,2,39,117,0.237662004662005,0.310081585081585,0.422032634032634,0.732114219114219
"Joe Panik",95,236,17,3,18,2,17,34,0.207745762711864,0.266118644067797,0.283796610169492,0.549915254237288
"Joey Gallo",153,498,90,38,77,6,111,213,0.19921686746988,0.350309236947791,0.457534136546185,0.807843373493976
"Joey Votto",129,448,73,36,99,1,77,127,0.266,0.375,0.563,0.938
"Joey Wendle",136,460,73,11,54,8,28,113,0.265,0.319,0.422,0.741
"John Nogowski",33,111,12,1,14,0,11,20,0.261,0.325,0.351,0.676
"Jon Berti",85,233,35,4,19,8,32,61,0.21,0.311,0.313,0.624
"Jonah Heim",82,265,22,10,32,3,15,58,0.196,0.239,0.358,0.597
"Jonathan India",150,532,98,21,69,12,71,141,0.269,0.376,0.459,0.835
"Jonathan Schoop",156,623,85,22,84,2,37,133,0.278,0.32,0.435,0.755
"Jonathan Villar",142,454,63,18,42,14,46,132,0.249,0.322,0.416,0.738
"Jordy Mercer",46,118,13,2,9,0,9,34,0.254,0.307,0.364,0.671
"Jorge Alfaro",92,295,22,4,30,8,11,99,0.244,0.283,0.342,0.625
"Jorge Mateo",32,107,9,2,8,5,7,28,0.28,0.328,0.421,0.749
"Jorge Polanco",152,588,97,33,98,11,45,118,0.269,0.323,0.503,0.826
"Jorge Soler",149,516,74,27,70,0,67,142,0.223038759689922,0.316217054263566,0.432077519379845,0.748294573643411
"Jose Abreu",152,566,86,30,117,1,61,143,0.261,0.351,0.481,0.832
"Jose Altuve",146,601,117,31,83,5,66,91,0.278,0.35,0.489,0.839
"Jose Iglesias",114,424,57,8,41,5,18,66,0.259,0.295,0.375,0.67
"Jose Marmolejos",41,106,11,4,12,0,15,39,0.16,0.262,0.311,0.573
"Jose Peraza",64,142,21,6,20,1,9,26,0.204,0.266,0.38,0.646
"Jose Ramirez",152,552,111,36,103,27,72,87,0.266,0.355,0.538,0.893
"Jose Rojas",61,168,26,6,15,2,15,50,0.208,0.277,0.399,0.676
"Jose Trevino",89,285,23,5,30,1,12,57,0.239,0.267,0.34,0.607
"Josh Bell",144,498,75,27,88,0,65,101,0.261,0.347,0.476,0.823
"Josh Donaldson",135,457,73,26,72,0,74,114,0.247,0.352,0.475,0.827
"Josh Harrison",138,505,58,8,60,9,31,75,0.279346534653465,0.340356435643564,0.399930693069307,0.740287128712871
"Josh Naylor",69,233,28,7,21,1,14,45,0.253,0.301,0.399,0.7
"Josh Reddick",54,151,15,2,21,0,6,31,0.258,0.285,0.371,0.656
"Josh Rojas",139,484,69,11,44,9,58,137,0.264,0.341,0.411,0.752
"Josh VanMeter",112,274,26,6,36,3,33,83,0.212,0.297,0.354,0.651
"Joshua Fuentes",95,271,30,7,33,0,12,65,0.225,0.257,0.351,0.608
"Juan Lagares",112,309,39,6,38,1,12,76,0.236,0.266,0.372,0.638
"Juan Soto",151,502,111,29,95,9,145,93,0.313,0.465,0.534,0.999
"Jurickson Profar",137,353,47,4,33,10,49,65,0.227,0.329,0.32,0.649
"Justin Turner",151,533,87,27,87,3,61,98,0.278,0.361,0.471,0.832
"Justin Upton",89,318,47,17,41,4,39,107,0.211,0.296,0.409,0.705
"Justin Williams",51,119,10,4,11,0,17,46,0.16,0.27,0.261,0.531
"Ke'Bryan Hayes",96,362,49,6,38,9,31,87,0.257,0.316,0.373,0.689
"Kelvin Gutierrez",85,272,23,3,20,0,19,76,0.231621323529412,0.290768382352941,0.316147058823529,0.606915441176471
"Keston Hiura",61,173,16,4,19,3,14,77,0.168,0.256,0.301,0.557
"Ketel Marte",90,340,52,14,50,2,31,60,0.318,0.377,0.532,0.909
"Kevin Kiermaier",122,348,54,4,37,9,33,99,0.259,0.328,0.388,0.716
"Kevin Newman",148,517,50,5,39,6,27,41,0.226,0.265,0.309,0.574
"Kevin Pillar",124,325,40,15,47,4,11,81,0.231,0.277,0.415,0.692
"Kevin Plawecki",64,157,15,3,15,0,12,26,0.287,0.349,0.389,0.738
"Kole Calhoun",51,166,17,5,17,1,15,41,0.235,0.297,0.373,0.67
"Kolten Wong",116,445,70,14,50,12,31,83,0.272,0.335,0.447,0.782
"Kris Bryant",144,513,86,25,73,10,62,135,0.26517738791423,0.352896686159844,0.481493177387914,0.834389863547758
"Kurt Suzuki",72,219,17,6,16,0,12,44,0.224,0.294,0.342,0.636
"Kyle Farmer",147,483,60,16,63,2,22,97,0.263,0.316,0.416,0.732
"Kyle Higashioka",67,193,20,10,29,0,17,59,0.181,0.246,0.389,0.635
"Kyle Lewis",36,130,15,5,11,2,16,37,0.246,0.333,0.392,0.725
"Kyle Schwarber",113,399,76,32,71,1,64,127,0.265761904761905,0.371904761904762,0.55387969924812,0.925784461152882
"Kyle Seager",159,603,73,35,101,3,59,161,0.212,0.285,0.438,0.723
"Kyle Tucker",140,506,83,30,92,14,53,90,0.294,0.359,0.557,0.916
"LaMonte Wade",109,336,52,18,56,6,33,89,0.253,0.326,0.482,0.808
"Lane Thomas",45,178,33,7,27,4,27,46,0.27,0.364,0.489,0.853
"Lars Nootbaar",58,109,15,5,15,2,13,28,0.239,0.317,0.422,0.739
"Leody Taveras",49,174,14,3,9,10,9,60,0.161,0.207,0.27,0.477
"Leury Garcia",126,415,60,5,54,6,41,97,0.267,0.335,0.376,0.711
"Lewin Diaz",40,122,16,8,13,0,6,33,0.205,0.242,0.451,0.693
"Lewis Brinson",89,274,24,9,33,1,13,72,0.226,0.263,0.376,0.639
"Lorenzo Cain",78,257,40,8,36,13,26,48,0.257,0.329,0.401,0.73
"Lourdes Gurriel",141,500,62,21,84,1,32,102,0.276,0.319,0.466,0.785
"Luis Arraez",121,428,58,2,42,2,43,48,0.294,0.357,0.376,0.733
"Luis Garcia",70,236,29,6,22,0,11,43,0.242,0.275,0.411,0.686
"Luis Guillorme",69,132,13,1,5,0,23,23,0.265,0.374,0.311,0.685
"Luis Rengifo",54,174,22,6,18,1,9,38,0.201,0.246,0.31,0.556
"Luis Robert",68,275,42,13,43,6,14,61,0.338,0.378,0.567,0.945
"Luis Torrens",108,346,39,15,47,0,28,99,0.243,0.299,0.431,0.73
"Luis Urias",150,490,77,23,75,5,63,116,0.249,0.345,0.445,0.79
"Luke Voit",68,213,26,11,35,0,21,74,0.239,0.328,0.437,0.765
"Magneuris Sierra",123,209,27,0,5,11,15,50,0.23,0.281,0.268,0.549
"Maikel Franco",104,377,31,11,47,0,20,67,0.21,0.253,0.355,0.608
"Manny Machado",153,564,92,28,106,12,63,102,0.278,0.347,0.489,0.836
"Manny Pina",75,180,27,13,33,0,22,38,0.189,0.293,0.439,0.732
"Manuel Margot",125,421,55,10,57,13,37,70,0.254,0.313,0.382,0.695
"Marcell Ozuna",48,188,21,7,26,0,19,46,0.213,0.288,0.356,0.644
"Marcus Semien",162,652,115,45,102,15,66,146,0.265,0.334,0.538,0.872
"Mark Canha",141,519,93,17,61,12,77,128,0.231,0.358,0.387,0.745
"Martin Maldonado",125,373,40,12,36,0,47,127,0.172,0.272,0.3,0.572
"Marwin Gonzalez",77,242,25,2,20,3,19,70,0.202,0.281,0.285,0.566
"Matt Beaty",120,204,35,7,40,2,20,44,0.27,0.363,0.402,0.765
"Matt Carpenter",130,207,18,3,21,2,35,77,0.169,0.305,0.275,0.58
"Matt Chapman",151,529,75,27,72,3,80,202,0.21,0.314,0.403,0.717
"Matt Duffy",97,289,45,5,30,8,25,63,0.287,0.357,0.381,0.738
"Matt Olson",156,565,101,39,111,4,88,113,0.271,0.371,0.54,0.911
"Mauricio Dubon",74,175,20,5,22,2,9,41,0.24,0.278,0.377,0.655
"Max Kepler",121,426,61,19,54,10,54,96,0.211,0.306,0.413,0.719
"Max Muncy",144,497,95,36,94,2,83,120,0.249,0.368,0.527,0.895
"Max Schrock",53,125,19,3,14,1,8,24,0.288,0.328,0.448,0.776
"Max Stassi",87,282,45,13,35,0,28,101,0.241,0.326,0.426,0.752
"Michael Brantley",121,469,68,8,47,1,33,53,0.311,0.362,0.437,0.799
"Michael Conforto",125,406,52,14,55,1,59,104,0.232,0.344,0.384,0.728
"Michael Perez",70,210,19,7,21,0,19,68,0.143,0.221,0.29,0.511
"Michael Taylor",142,483,58,12,54,14,33,144,0.244,0.297,0.356,0.653
"Miguel Andujar",45,154,19,6,12,0,7,28,0.253,0.284,0.383,0.667
"Miguel Cabrera",130,472,48,15,75,0,40,118,0.256,0.316,0.386,0.702
"Miguel Rojas",132,495,66,9,48,13,37,74,0.265,0.322,0.392,0.714
"Miguel Sano",135,470,68,30,75,2,59,183,0.223,0.312,0.466,0.778
"Mike Brosseau",57,150,21,5,18,2,15,53,0.187,0.266,0.347,0.613
"Mike Moustakas",62,183,21,6,22,0,18,46,0.208,0.282,0.372,0.654
"Mike Tauchman",64,152,21,4,15,1,22,52,0.178,0.286,0.283,0.569
"Mike Trout",36,117,23,8,18,2,27,41,0.333,0.466,0.624,1.09
"Mike Yastrzemski",139,468,75,25,71,4,51,131,0.224,0.311,0.457,0.768
"Mike Zunino",109,333,64,33,62,0,34,132,0.216,0.301,0.559,0.86
"Mitch Garver",68,207,29,13,34,1,31,71,0.256,0.358,0.517,0.875
"Mitch Haniger",157,620,110,39,100,1,54,169,0.253,0.318,0.485,0.803
"Mitch Moreland",81,229,28,10,30,0,18,58,0.227,0.286,0.415,0.701
"Mookie Betts",122,466,93,23,58,10,68,86,0.264,0.367,0.487,0.854
"Myles Straw",158,564,86,4,48,30,67,121,0.271746453900709,0.348746453900709,0.34761170212766,0.696358156028369
"Nathaniel Lowe",157,557,75,18,72,8,80,162,0.264,0.357,0.415,0.772
"Nelson Cruz",140,513,79,32,86,3,51,126,0.265235867446394,0.333198830409357,0.496814814814815,0.830013645224171
"Nick Ahmed",129,434,46,5,38,7,34,104,0.221,0.28,0.339,0.619
"Nick Castellanos",138,531,95,34,100,3,41,121,0.309,0.362,0.576,0.938
"Nick Gordon",73,200,19,4,23,10,12,55,0.24,0.292,0.355,0.647
"Nick Madrigal",54,200,30,2,21,1,11,17,0.305,0.349,0.425,0.774
"Nick Maton",52,117,16,2,14,2,10,39,0.256,0.323,0.385,0.708
"Nick Senzel",36,111,18,1,8,2,12,16,0.252,0.323,0.315,0.638
"Nick Solak",127,458,57,11,49,7,34,107,0.242,0.314,0.362,0.676
"Nicky Lopez",151,497,78,2,43,22,49,74,0.3,0.365,0.378,0.743
"Nico Hoerner",44,149,13,0,16,5,17,25,0.302,0.382,0.369,0.751
"Niko Goodrum",90,290,39,9,33,14,29,107,0.214,0.292,0.359,0.651
"Nolan Arenado",157,593,81,34,105,2,50,96,0.255,0.312,0.494,0.806
"Nomar Mazara",50,165,12,3,19,0,15,45,0.212,0.276,0.321,0.597
"Odubel Herrera",124,450,59,13,51,6,29,77,0.26,0.31,0.416,0.726
"Omar Narvaez",123,391,54,11,49,0,41,84,0.266,0.342,0.402,0.744
"Oscar Mercado",72,214,27,6,19,7,21,42,0.224,0.3,0.369,0.669
"Owen Miller",60,191,17,4,18,2,9,54,0.204,0.243,0.309,0.552
"Ozzie Albies",156,629,103,30,106,20,47,128,0.259,0.31,0.488,0.798
"Pat Valaika",91,259,17,5,25,1,16,76,0.201,0.25,0.29,0.54
"Patrick Wisdom",106,338,54,28,61,4,32,153,0.231,0.305,0.518,0.823
"Paul DeJong",113,356,44,19,45,4,35,103,0.197,0.284,0.39,0.674
"Paul Goldschmidt",158,603,102,31,99,12,67,136,0.294,0.365,0.514,0.879
"Pavin Smith",145,498,68,11,49,1,42,106,0.267,0.328,0.404,0.732
"Pedro Severino",113,379,32,11,46,0,34,109,0.248,0.308,0.383,0.691
"Pete Alonso",152,561,81,37,94,3,60,127,0.262,0.344,0.519,0.863
"Phil Gosselin",104,345,40,7,47,4,24,81,0.261,0.314,0.362,0.676
"Phillip Evans",76,214,23,5,16,1,28,53,0.206,0.312,0.299,0.611
"Rafael Devers",156,591,101,38,113,5,62,143,0.279,0.352,0.538,0.89
"Rafael Ortega",103,296,44,11,33,12,30,70,0.291,0.36,0.463,0.823
"Raimel Tapia",133,487,69,6,50,20,40,70,0.273,0.327,0.372,0.699
"Ramon Laureano",88,341,43,14,39,12,27,98,0.246,0.317,0.443,0.76
"Ramon Urias",85,262,33,7,38,1,28,76,0.279,0.361,0.412,0.773
"Randal Grichuk",149,511,59,22,81,0,27,114,0.241,0.281,0.423,0.704
"Randy Arozarena",141,529,94,20,69,20,56,170,0.274,0.356,0.459,0.815
"Reese McGuire",78,198,22,1,10,0,15,44,0.253,0.31,0.343,0.653
"Rhys Hoskins",107,389,64,27,71,3,47,108,0.247,0.334,0.53,0.864
"Rob Refsnyder",51,139,21,2,12,1,17,40,0.245,0.325,0.338,0.663
"Robbie Grossman",156,557,88,23,67,20,98,155,0.239,0.357,0.415,0.772
"Robel Garcia",47,106,8,1,8,0,8,42,0.151,0.216,0.208,0.424
"Roberto Perez",44,141,13,7,17,1,17,56,0.149,0.245,0.319,0.564
"Ronald Acuna",82,297,72,24,52,17,49,85,0.283,0.394,0.596,0.99
"Ronald Torreyes",112,318,30,7,41,2,19,41,0.242,0.286,0.346,0.632
"Rougned Odor",102,322,42,15,39,0,27,100,0.202,0.286,0.379,0.665
"Rowdy Tellez",106,297,34,11,36,0,23,65,0.242515151515152,0.304451178451178,0.414074074074074,0.718525252525252
"Ryan Jeffers",85,267,28,14,35,0,22,108,0.199,0.27,0.401,0.671
"Ryan McKenna",90,169,20,2,14,1,24,74,0.183,0.292,0.266,0.558
"Ryan McMahon",151,528,80,23,86,6,59,147,0.254,0.331,0.449,0.78
"Ryan Mountcastle",144,534,77,33,89,4,41,161,0.255,0.309,0.487,0.796
"Ryan O'Hearn",84,236,23,9,29,0,13,71,0.225,0.268,0.369,0.637
"Ryan Zimmerman",110,255,27,14,46,0,16,77,0.243,0.286,0.471,0.757
"Salvador Perez",161,620,88,48,121,1,28,170,0.273,0.316,0.544,0.86
"Sam Hilliard",81,214,32,14,34,5,23,87,0.215,0.294,0.463,0.757
"Sandy Leon",84,202,15,4,14,0,12,65,0.183,0.237,0.267,0.504
"Santiago Espinal",92,222,32,2,17,6,22,30,0.311,0.376,0.405,0.781
"Sean Murphy",119,393,47,17,59,0,40,114,0.216,0.306,0.405,0.711
"Sergio Alcantara",89,220,30,5,17,3,30,74,0.205,0.303,0.327,0.63
"Seth Brown",111,281,43,20,48,4,23,89,0.214,0.274,0.48,0.754
"Shed Long",34,111,13,4,17,1,9,39,0.198,0.258,0.36,0.618
"Shogo Akiyama",88,162,16,0,12,2,14,40,0.204,0.282,0.253,0.535
"Shohei Ohtani",158,537,103,46,100,26,96,189,0.257,0.372,0.592,0.964
"Starlin Castro",87,315,25,3,38,0,26,62,0.283,0.333,0.375,0.708
"Starling Marte",120,467,89,12,55,47,43,99,0.310511777301927,0.381950749464668,0.458516059957173,0.840466809421841
"Stephen Piscotty",72,173,14,5,16,1,13,48,0.22,0.282,0.353,0.635
"Stephen Vogt",52,132,17,5,17,0,18,36,0.212,0.307,0.386,0.693
"Steven Duggar",107,268,45,8,35,7,27,88,0.257,0.33,0.437,0.767
"Taylor Jones",35,102,11,2,16,0,4,29,0.245,0.269,0.402,0.671
"Taylor Trammell",51,156,23,8,18,2,17,75,0.16,0.256,0.359,0.615
"Taylor Walls",54,152,15,1,15,4,23,49,0.211,0.314,0.296,0.61
"Taylor Ward",65,208,33,8,33,1,20,55,0.25,0.332,0.438,0.77
"Teoscar Hernandez",143,550,92,32,116,12,36,148,0.296,0.346,0.524,0.87
"Thairo Estrada",52,121,19,7,22,1,9,23,0.273,0.333,0.479,0.812
"Tim Anderson",123,527,94,17,61,18,22,119,0.309,0.338,0.469,0.807
"Tim Locastro",55,118,11,1,5,5,6,26,0.178,0.271,0.22,0.491
"Tom Murphy",97,277,35,11,34,0,40,99,0.202,0.304,0.35,0.654
"Tomas Nido",58,153,16,3,13,1,5,44,0.222,0.261,0.327,0.588
"Tommy Edman",159,641,91,11,56,30,38,95,0.262,0.308,0.387,0.695
"Tommy La Stella",76,220,26,7,27,0,18,26,0.25,0.308,0.405,0.713
"Tommy Pham",155,475,74,15,49,14,78,128,0.229,0.34,0.383,0.723
"Tony Kemp",131,330,54,8,37,8,52,51,0.279,0.382,0.418,0.8
"Travis d'Arnaud",60,209,21,7,26,0,17,53,0.22,0.284,0.388,0.672
"Travis Jankowski",76,131,24,1,10,5,22,29,0.252,0.364,0.351,0.715
"Travis Shaw",56,178,14,6,28,0,19,51,0.191,0.279,0.337,0.616
"Trea Turner",148,595,107,28,77,32,41,110,0.327566386554622,0.374566386554622,0.53630756302521,0.910873949579832
"Trent Grisham",132,462,61,15,62,13,54,119,0.242,0.327,0.413,0.74
"Trevor Larnach",79,260,29,7,28,1,31,104,0.223,0.322,0.35,0.672
"Trevor Story",142,526,88,24,75,20,53,139,0.251,0.329,0.471,0.8
"Trey Mancini",147,556,77,21,71,0,51,143,0.255,0.326,0.432,0.758
"Tucker Barnhart",116,348,41,7,48,0,29,100,0.247,0.317,0.368,0.685
"Ty France",152,571,85,18,73,0,46,106,0.291,0.368,0.445,0.813
"Tyler Naquin",127,411,52,19,70,5,35,106,0.27,0.333,0.477,0.81
"Tyler O'Neill",138,482,89,34,80,15,38,168,0.286,0.352,0.56,0.912
"Tyler Stephenson",132,350,56,10,45,0,41,75,0.286,0.366,0.431,0.797
"Tyler Wade",103,127,31,0,5,17,16,37,0.268,0.354,0.323,0.677
"Tyrone Taylor",93,243,33,12,43,6,20,59,0.247,0.321,0.457,0.778
"Victor Caratini",116,313,33,7,39,2,35,82,0.227,0.309,0.323,0.632
"Victor Reyes",76,209,26,5,22,5,8,55,0.258,0.284,0.416,0.7
"Victor Robles",107,315,37,2,19,8,33,85,0.203,0.31,0.295,0.605
"Vladimir Guerrero",161,604,123,48,111,4,86,110,0.311,0.401,0.601,1.002
"Wander Franco",70,281,53,7,39,2,24,37,0.288,0.347,0.463,0.81
"Whit Merrifield",162,664,97,10,74,40,40,103,0.277,0.317,0.395,0.712
"Wil Myers",146,442,56,17,63,8,54,141,0.256,0.334,0.434,0.768
"Will Smith",130,414,71,25,76,3,58,101,0.258,0.365,0.495,0.86
"Willi Castro",125,413,56,9,38,9,23,109,0.22,0.273,0.351,0.624
"William Contreras",52,163,19,8,23,0,19,54,0.215,0.303,0.399,0.702
"Willians Astudillo",73,208,17,7,21,0,3,12,0.236,0.259,0.375,0.634
"Willie Calhoun",75,260,26,6,25,0,21,34,0.25,0.31,0.381,0.691
"Willson Contreras",128,413,61,21,57,5,52,138,0.237,0.34,0.438,0.778
"Willy Adames",140,497,77,25,73,5,57,156,0.261627766599598,0.336253521126761,0.481160965794769,0.817414486921529
"Wilmer Difo",116,219,25,4,24,1,20,54,0.269,0.329,0.384,0.713
"Wilmer Flores",139,389,57,18,53,1,41,56,0.262,0.335,0.447,0.782
"Wilson Ramos",35,120,12,6,13,0,6,29,0.2,0.238,0.392,0.63
"Xander Bogaerts",144,529,90,23,79,5,62,113,0.295,0.37,0.493,0.863
"Yadiel Hernandez",112,264,33,9,32,3,22,59,0.273,0.329,0.413,0.742
"Yadier Molina",121,440,45,11,66,3,24,79,0.252,0.297,0.37,0.667
"Yan Gomes",103,349,49,14,52,0,19,78,0.252232091690544,0.300853868194842,0.420968481375358,0.721822349570201
"Yandy Diaz",134,465,62,13,64,1,69,85,0.256,0.353,0.387,0.74
"Yasmani Grandal",93,279,60,23,62,0,87,82,0.24,0.42,0.52,0.94
"Yermin Mercedes",68,240,26,7,37,0,20,46,0.271,0.328,0.404,0.732
"Yoan Moncada",144,520,74,14,61,3,84,157,0.263,0.375,0.412,0.787
"Yonathan Daza",107,301,26,2,30,2,21,60,0.282,0.332,0.355,0.687
"Yonny Hernandez",43,143,15,0,6,11,17,32,0.217,0.315,0.252,0.567
"Yordan Alvarez",144,537,92,33,104,1,50,145,0.277,0.346,0.531,0.877
"Yoshi Tsutsugo",43,127,20,8,25,0,15,33,0.268,0.347,0.535,0.882
"Yu Chang",89,237,32,9,39,1,11,69,0.228,0.267,0.426,0.693
"Yuli Gurriel",143,530,83,15,81,1,59,68,0.319,0.383,0.462,0.845
"Zach McKinstry",60,158,19,7,29,1,10,50,0.215,0.263,0.405,0.668
"Zack Collins",78,195,25,4,26,1,34,69,0.21,0.33,0.338,0.668
"Zack Short",61,156,21,6,20,2,22,59,0.141,0.239,0.282,0.521
