Name,AB,R,HR,RBI,SB,AVG,OBP,SLG,OPS,K_%,B_%
Trea Turner ,606,108,27,86,31,0.307,0.358,0.509,0.867,0.188118812,0.079207921
Juan Soto ,519,113,35,107,12,0.319,0.465,0.577,1.042,0.192678227,0.263969171
Vladimir Guerrero,572,110,42,112,3,0.31,0.392,0.589,0.982,0.181818182,0.132867133
Jose Ramirez ,562,103,35,105,25,0.276,0.362,0.543,0.905,0.165480427,0.133451957
Bo Bichette ,605,106,28,95,21,0.296,0.342,0.5,0.842,0.209917355,0.069421488
Bryce Harper ,534,103,37,101,13,0.288,0.411,0.561,0.972,0.277153558,0.20411985
Mookie Betts ,575,115,30,83,16,0.283,0.371,0.508,0.879,0.179130435,0.135652174
Ronald Acuna,495,108,37,85,24,0.286,0.382,0.566,0.949,0.290909091,0.151515152
Mike Trout ,495,101,37,98,8,0.291,0.415,0.574,0.989,0.294949495,0.204040404
Kyle Tucker ,557,90,31,98,17,0.284,0.35,0.529,0.879,0.201077199,0.1005386
Freddie Freeman ,571,104,30,95,7,0.3,0.391,0.518,0.91,0.194395797,0.147110333
Rafael Devers ,589,101,37,107,5,0.284,0.347,0.54,0.888,0.23089983,0.095076401
Luis Robert ,558,87,28,86,17,0.291,0.337,0.509,0.846,0.256272401,0.068100358
Ozzie Albies ,603,99,28,89,18,0.273,0.325,0.49,0.815,0.1973466,0.07628524
Shohei Ohtani (hitter) ,534,101,39,95,22,0.26,0.36,0.552,0.912,0.323970037,0.153558052
Starling Marte ,543,89,17,66,34,0.282,0.331,0.435,0.766,0.202578269,0.073664825
Yordan Alvarez ,552,94,37,113,1,0.285,0.357,0.549,0.906,0.266304348,0.110507246
Manny Machado ,578,91,31,105,11,0.28,0.352,0.499,0.851,0.185121107,0.110726644
Aaron Judge ,553,99,39,100,5,0.281,0.371,0.538,0.909,0.30198915,0.141048825
Tim Anderson ,600,99,21,69,19,0.299,0.33,0.465,0.794,0.221666667,0.045
Xander Bogaerts ,574,93,26,92,7,0.292,0.365,0.494,0.859,0.209059233,0.113240418
Teoscar Hernandez ,560,88,33,102,11,0.274,0.328,0.505,0.832,0.292857143,0.078571429
Matt Olson ,553,92,39,106,3,0.264,0.36,0.525,0.885,0.238698011,0.148282098
Marcus Semien ,593,96,31,83,12,0.262,0.336,0.478,0.813,0.214165261,0.109612142
Cedric Mullins,585,89,24,63,26,0.269,0.331,0.465,0.797,0.211965812,0.090598291
Whit Merrifield ,608,88,12,64,29,0.283,0.326,0.411,0.737,0.159539474,0.064144737
Trevor Story ,569,90,28,83,22,0.263,0.33,0.481,0.811,0.270650264,0.098418278
Francisco Lindor ,576,91,27,85,14,0.258,0.332,0.454,0.786,0.192708333,0.109375
Salvador Perez ,543,75,37,99,1,0.268,0.3,0.519,0.819,0.26335175,0.046040516
Paul Goldschmidt ,576,95,29,87,7,0.281,0.362,0.487,0.849,0.239583333,0.125
Austin Riley ,573,87,32,100,0,0.281,0.338,0.506,0.845,0.284467714,0.087260035
Nick Castellanos ,583,93,31,96,3,0.284,0.337,0.516,0.853,0.240137221,0.07890223
Wander Franco ,578,94,18,80,9,0.288,0.344,0.467,0.811,0.141868512,0.083044983
Randy Arozarena ,544,88,23,74,19,0.265,0.334,0.454,0.788,0.297794118,0.101102941
Byron Buxton ,496,87,32,78,16,0.276,0.318,0.542,0.86,0.268145161,0.0625
George Springer ,537,101,35,87,6,0.268,0.35,0.514,0.864,0.249534451,0.122905028
Pete Alonso ,565,90,40,108,2,0.261,0.338,0.527,0.865,0.249557522,0.115044248
Fernando Tatis,499,102,41,98,25,0.289,0.369,0.601,0.97,0.294589178,0.124248497
Jose Altuve ,581,104,27,77,7,0.278,0.345,0.47,0.814,0.163511188,0.099827883
Tyler O'Neill ,524,87,34,89,13,0.262,0.32,0.508,0.828,0.335877863,0.083969466
Eloy Jimenez ,563,76,32,97,1,0.274,0.322,0.499,0.821,0.259325044,0.071047957
Nolan Arenado ,588,83,32,101,2,0.264,0.327,0.484,0.811,0.164965986,0.091836735
J.D. Martinez ,566,86,29,96,1,0.277,0.346,0.495,0.841,0.259717314,0.104240283
Corey Seager ,526,86,26,86,3,0.292,0.362,0.509,0.871,0.188212928,0.108365019
Jose Abreu ,577,87,31,108,1,0.27,0.33,0.488,0.817,0.244367418,0.088388215
Javier Baez ,559,80,28,86,15,0.258,0.294,0.464,0.758,0.325581395,0.051878354
Adalberto Mondesi ,494,68,17,61,43,0.25,0.29,0.429,0.719,0.305668016,0.056680162
Brandon Lowe ,534,91,35,90,6,0.251,0.332,0.5,0.832,0.310861423,0.119850187
Alex Bregman ,532,89,25,89,2,0.272,0.37,0.472,0.842,0.157894737,0.152255639
Carlos Correa ,545,88,26,90,1,0.279,0.358,0.48,0.838,0.220183486,0.121100917
Giancarlo Stanton ,513,78,35,97,1,0.269,0.351,0.514,0.865,0.315789474,0.124756335
Jorge Polanco ,584,90,26,87,10,0.272,0.328,0.47,0.798,0.195205479,0.080479452
Ketel Marte ,572,86,22,78,6,0.298,0.356,0.491,0.847,0.16958042,0.089160839
Christian Yelich ,516,90,23,78,14,0.266,0.373,0.459,0.832,0.286821705,0.166666667
Bryan Reynolds ,565,88,24,87,5,0.288,0.367,0.494,0.861,0.231858407,0.122123894
Jonathan India ,550,99,22,70,11,0.266,0.351,0.45,0.801,0.26,0.127272727
Jesse Winker ,496,86,27,78,2,0.29,0.374,0.514,0.888,0.201612903,0.131048387
Franmil Reyes ,545,80,37,103,3,0.258,0.329,0.511,0.84,0.335779817,0.104587156
Cody Bellinger ,507,79,27,83,10,0.239,0.325,0.456,0.78,0.252465483,0.124260355
Mitch Haniger ,566,90,32,88,3,0.253,0.32,0.471,0.791,0.272084806,0.097173145
Jazz Chisholm,519,77,22,63,23,0.244,0.303,0.431,0.734,0.310211946,0.082851638
Will Smith ,429,74,27,83,2,0.26,0.348,0.5,0.848,0.247086247,0.135198135
J.T. Realmuto ,525,76,22,81,11,0.263,0.326,0.447,0.773,0.262857143,0.091428571
Jared Walsh ,551,82,32,100,2,0.268,0.333,0.503,0.836,0.284936479,0.096188748
Kris Bryant ,520,84,24,75,7,0.263,0.344,0.465,0.809,0.261538462,0.121153846
Anthony Rendon ,504,78,22,87,2,0.277,0.367,0.47,0.837,0.182539683,0.140873016
Ryan Mountcastle ,562,78,30,88,4,0.266,0.316,0.477,0.793,0.282918149,0.072953737
Nelson Cruz ,502,76,30,87,2,0.262,0.329,0.492,0.821,0.262948207,0.099601594
Tommy Edman ,574,83,12,57,23,0.27,0.314,0.404,0.718,0.165505226,0.06445993
DJ LeMahieu ,586,90,15,66,5,0.288,0.355,0.411,0.766,0.151877133,0.100682594
Austin Meadows ,526,79,27,92,6,0.25,0.324,0.47,0.794,0.24904943,0.108365019
C.J. Cron ,483,72,29,90,1,0.274,0.345,0.513,0.858,0.250517598,0.107660455
Rhys Hoskins ,488,83,32,84,4,0.245,0.347,0.501,0.847,0.284836066,0.153688525
Jake Cronenworth ,555,85,18,72,7,0.275,0.34,0.448,0.788,0.167567568,0.097297297
Josh Bell ,532,82,29,96,0,0.267,0.352,0.487,0.839,0.221804511,0.129699248
Dansby Swanson ,578,82,24,79,10,0.254,0.316,0.441,0.757,0.275086505,0.089965398
Trent Grisham ,518,81,20,67,15,0.25,0.336,0.431,0.768,0.260617761,0.129343629
Kyle Schwarber ,483,82,34,85,2,0.252,0.351,0.508,0.859,0.308488613,0.149068323
Joey Votto ,520,83,31,91,2,0.257,0.361,0.485,0.846,0.269230769,0.159615385
Max Muncy ,455,83,31,87,2,0.254,0.363,0.506,0.868,0.268131868,0.171428571
Bobby Witt,500,69,20,70,17,0.264,0.314,0.454,0.768,0.248,0.072
Lourdes Gurriel,530,72,24,84,4,0.277,0.32,0.472,0.792,0.220754717,0.064150943
Yoan Moncada ,546,83,20,73,4,0.267,0.354,0.442,0.796,0.296703297,0.133699634
Joey Gallo ,502,90,39,93,5,0.215,0.349,0.491,0.84,0.418326693,0.201195219
Justin Turner ,509,80,23,81,3,0.277,0.347,0.459,0.805,0.184675835,0.106090373
Avisail Garcia ,531,72,24,80,8,0.266,0.319,0.448,0.767,0.259887006,0.077212806
Willy Adames ,542,82,25,74,6,0.259,0.332,0.454,0.786,0.306273063,0.108856089
Chris Taylor ,512,80,19,75,11,0.255,0.333,0.437,0.77,0.314453125,0.115234375
Anthony Rizzo ,514,78,24,77,6,0.261,0.34,0.456,0.795,0.178988327,0.116731518
Trey Mancini ,562,79,24,79,1,0.264,0.328,0.452,0.781,0.252669039,0.09430605
Michael Conforto ,510,77,23,79,3,0.258,0.35,0.441,0.792,0.258823529,0.139215686
Jarred Kelenic ,497,66,22,69,12,0.232,0.302,0.423,0.724,0.279678068,0.098591549
Alex Verdugo ,545,82,15,67,7,0.293,0.353,0.444,0.797,0.179816514,0.091743119
Hunter Renfroe ,512,78,32,89,3,0.243,0.308,0.477,0.785,0.279296875,0.09375
Adolis Garcia ,564,74,28,84,13,0.234,0.274,0.436,0.71,0.333333333,0.054964539
Ke'Bryan Hayes ,547,78,15,60,12,0.265,0.328,0.416,0.743,0.23583181,0.091407678
Dylan Carlson ,546,78,20,71,5,0.26,0.33,0.44,0.77,0.267399267,0.102564103
Ryan McMahon ,528,77,24,83,5,0.26,0.333,0.458,0.791,0.291666667,0.109848485
Willson Contreras ,466,70,23,69,5,0.245,0.324,0.44,0.764,0.30472103,0.113733906
Gleyber Torres ,535,73,20,72,12,0.267,0.34,0.43,0.769,0.220560748,0.108411215
Matt Chapman ,547,79,29,81,2,0.225,0.315,0.439,0.754,0.345521024,0.129798903
Ty France ,544,77,20,78,1,0.281,0.335,0.449,0.784,0.198529412,0.080882353
Jorge Soler ,519,78,32,86,1,0.241,0.329,0.476,0.805,0.302504817,0.129094412
Josh Donaldson ,486,78,28,78,1,0.251,0.358,0.471,0.829,0.263374486,0.16255144
Austin Hays ,519,73,23,73,6,0.259,0.302,0.453,0.755,0.227360308,0.061657033
Yuli Gurriel ,522,73,16,76,2,0.285,0.343,0.432,0.775,0.137931034,0.088122605
Andrew Benintendi ,495,67,17,70,10,0.273,0.337,0.443,0.781,0.214141414,0.094949495
Yasmani Grandal ,421,73,27,76,1,0.245,0.382,0.473,0.855,0.296912114,0.216152019
Michael Brantley ,492,71,12,60,3,0.297,0.35,0.438,0.788,0.132113821,0.081300813
Eddie Rosario ,502,68,24,83,9,0.263,0.308,0.46,0.767,0.163346614,0.06374502
Jean Segura ,550,80,14,62,9,0.283,0.332,0.421,0.753,0.16,0.072727273
Robbie Grossman ,495,74,18,58,15,0.245,0.347,0.406,0.753,0.254545455,0.153535354
Ramon Laureano ,455,67,20,59,13,0.25,0.312,0.445,0.756,0.285714286,0.087912088
Ian Happ ,511,75,27,78,8,0.243,0.336,0.454,0.79,0.326810176,0.138943249
Eugenio Suarez ,474,69,30,81,1,0.23,0.312,0.464,0.776,0.327004219,0.11814346
Daulton Varsho ,407,60,18,57,9,0.256,0.322,0.456,0.778,0.226044226,0.095823096
Alex Kirilloff ,448,56,18,63,4,0.267,0.316,0.452,0.767,0.236607143,0.071428571
Adam Duvall ,503,70,34,94,3,0.231,0.286,0.48,0.766,0.322067594,0.07554672
Frank Schwindel ,513,73,24,77,2,0.269,0.313,0.468,0.781,0.192982456,0.062378168
Brandon Belt ,451,75,27,71,3,0.258,0.356,0.492,0.847,0.292682927,0.148558758
Charlie Blackmon ,527,80,18,76,3,0.282,0.344,0.449,0.794,0.185958254,0.092979127
Raimel Tapia ,503,70,8,51,19,0.284,0.335,0.401,0.735,0.174950298,0.07554672
Brandon Crawford ,496,70,19,74,7,0.264,0.333,0.44,0.773,0.227822581,0.102822581
Akil Baddoo ,515,74,18,62,20,0.251,0.325,0.425,0.749,0.287378641,0.108737864
AJ Pollock ,446,64,23,74,7,0.272,0.322,0.484,0.807,0.226457399,0.073991031
Nathaniel Lowe ,538,76,21,75,5,0.258,0.349,0.435,0.784,0.280669145,0.135687732
Luis Urias ,503,74,20,71,6,0.256,0.336,0.435,0.771,0.232604374,0.117296223
Jo Adell ,470,60,20,69,8,0.244,0.293,0.434,0.727,0.317021277,0.068085106
Amed Rosario ,543,74,13,61,13,0.279,0.318,0.419,0.737,0.209944751,0.057090239
Mark Canha ,484,78,18,63,8,0.241,0.338,0.406,0.745,0.258264463,0.144628099
Jesus Aguilar ,465,61,23,81,0,0.263,0.336,0.457,0.793,0.221505376,0.109677419
Luke Voit ,467,72,28,79,1,0.255,0.331,0.475,0.806,0.308351178,0.111349036
Kolten Wong ,521,79,14,57,15,0.272,0.329,0.421,0.75,0.184261036,0.084452975
Andrew Vaughn ,444,60,18,58,2,0.251,0.32,0.436,0.756,0.234234234,0.099099099
Eduardo Escobar ,525,69,25,78,2,0.248,0.308,0.445,0.753,0.228571429,0.085714286
Tommy Pham ,453,69,16,56,14,0.254,0.35,0.415,0.765,0.25607064,0.145695364
Anthony Santander ,522,69,25,75,2,0.252,0.296,0.456,0.752,0.229885057,0.061302682
Bobby Dalbec ,432,59,26,72,3,0.237,0.301,0.478,0.779,0.361111111,0.087962963
Miguel Sano ,513,79,34,86,2,0.229,0.316,0.48,0.797,0.395711501,0.124756335
Harrison Bader ,474,66,19,61,13,0.25,0.314,0.431,0.744,0.270042194,0.092827004
Kike Hernandez ,538,85,23,71,2,0.255,0.326,0.455,0.781,0.215613383,0.104089219
Wil Myers ,498,67,22,71,10,0.249,0.326,0.44,0.767,0.323293173,0.112449799
Max Kepler ,489,75,24,70,8,0.235,0.32,0.445,0.765,0.220858896,0.122699387
Kyle Lewis ,477,63,20,61,6,0.249,0.328,0.413,0.741,0.314465409,0.115303983
Mike Yastrzemski ,491,74,24,71,4,0.245,0.321,0.457,0.779,0.281059063,0.112016293
Brendan Rodgers ,515,70,19,67,1,0.282,0.321,0.46,0.78,0.217475728,0.05631068
Alec Bohm ,474,60,14,60,5,0.264,0.324,0.405,0.73,0.257383966,0.088607595
Josh Rojas ,496,72,13,52,13,0.258,0.335,0.402,0.737,0.254032258,0.112903226
Myles Straw ,504,73,4,42,27,0.269,0.344,0.343,0.687,0.218253968,0.113095238
Jonathan Schoop ,564,75,22,76,2,0.268,0.307,0.438,0.745,0.218085106,0.056737589
Gavin Lux ,427,63,13,57,6,0.258,0.331,0.413,0.744,0.241217799,0.107728337
Gio Urshela ,481,60,17,63,1,0.269,0.312,0.43,0.742,0.230769231,0.06029106
Isiah Kiner-Falefa ,478,57,7,43,14,0.27,0.309,0.371,0.68,0.150627615,0.056485356
Brandon Nimmo ,463,78,15,50,8,0.268,0.375,0.429,0.804,0.250539957,0.166306695
Eric Hosmer ,497,60,16,71,5,0.268,0.326,0.417,0.743,0.213279678,0.086519115
Adam Frazier ,524,71,9,48,7,0.274,0.328,0.387,0.715,0.139312977,0.080152672
Marcell Ozuna ,509,73,27,87,3,0.267,0.342,0.47,0.812,0.249508841,0.111984283
Garrett Hampson ,403,55,10,38,18,0.251,0.306,0.4,0.705,0.260545906,0.079404467
Jeff McNeil ,490,66,13,58,4,0.277,0.331,0.417,0.748,0.153061224,0.079591837
Evan Longoria ,414,57,18,61,2,0.251,0.316,0.429,0.745,0.258454106,0.094202899
Cavan Biggio ,444,66,16,57,8,0.237,0.343,0.399,0.742,0.301801802,0.15990991
Nicky Lopez ,487,65,4,43,15,0.274,0.335,0.356,0.691,0.151950719,0.090349076
Rowdy Tellez ,402,55,21,62,1,0.257,0.319,0.466,0.785,0.23880597,0.089552239
Jeimer Candelario ,545,73,19,71,1,0.263,0.341,0.437,0.778,0.249541284,0.117431193
Jesus Sanchez ,477,61,23,71,3,0.254,0.314,0.46,0.774,0.291404612,0.085953878
Randal Grichuk ,472,63,22,72,1,0.247,0.29,0.448,0.739,0.237288136,0.061440678
Keibert Ruiz ,420,53,18,61,1,0.267,0.321,0.447,0.768,0.142857143,0.078571429
Travis d'Arnaud ,429,52,17,61,1,0.25,0.31,0.415,0.725,0.268065268,0.086247086
Nick Solak ,401,52,12,47,6,0.258,0.315,0.396,0.711,0.236907731,0.079800499
Mitch Garver ,364,54,20,56,1,0.243,0.326,0.457,0.784,0.326923077,0.123626374
Joc Pederson ,413,61,21,63,2,0.239,0.308,0.45,0.758,0.268765133,0.0968523
Didi Gregorius ,469,58,18,70,4,0.246,0.296,0.422,0.718,0.174840085,0.070362473
Tyler Stephenson ,398,57,13,52,0,0.271,0.344,0.423,0.767,0.226130653,0.110552764
Nick Madrigal ,478,60,5,47,11,0.296,0.337,0.396,0.733,0.089958159,0.060669456
Christian Vazquez ,389,45,9,44,6,0.261,0.312,0.384,0.696,0.197943445,0.074550129
Spencer Torkelson ,427,65,23,68,3,0.253,0.332,0.474,0.806,0.257611241,0.117096019
Andrew McCutchen ,435,67,20,65,5,0.239,0.34,0.428,0.768,0.259770115,0.147126437
Patrick Wisdom ,490,69,31,80,6,0.221,0.292,0.451,0.743,0.406122449,0.097959184
David Peralta ,471,57,12,64,2,0.27,0.329,0.422,0.751,0.203821656,0.087048832
Sean Murphy ,383,50,18,53,0,0.227,0.304,0.416,0.72,0.292428198,0.109660574
Bobby Bradley ,429,58,26,69,1,0.219,0.29,0.449,0.739,0.382284382,0.097902098
Dominic Smith ,359,45,13,53,2,0.256,0.309,0.422,0.731,0.247910864,0.077994429
Oneil Cruz ,439,59,18,61,14,0.267,0.321,0.459,0.78,0.259681093,0.079726651
Joey Wendle ,413,55,9,44,9,0.262,0.305,0.396,0.702,0.225181598,0.062953995
Omar Narvaez ,371,48,12,47,0,0.261,0.335,0.402,0.737,0.226415094,0.110512129
Abraham Toro ,387,51,13,50,6,0.25,0.315,0.405,0.72,0.19121447,0.090439276
Willie Calhoun ,434,55,16,54,2,0.257,0.314,0.428,0.742,0.16359447,0.082949309
LaMonte Wade,432,62,17,58,7,0.242,0.325,0.416,0.741,0.25,0.12037037
David Fletcher ,570,70,5,48,11,0.276,0.32,0.359,0.679,0.107017544,0.064912281
Pavin Smith ,449,59,12,52,2,0.268,0.331,0.414,0.745,0.207126949,0.093541203
Carson Kelly ,359,47,15,52,0,0.246,0.331,0.422,0.753,0.242339833,0.125348189
Lane Thomas ,426,63,15,55,11,0.241,0.321,0.414,0.735,0.295774648,0.115023474
Paul DeJong ,412,56,19,58,5,0.229,0.299,0.416,0.716,0.281553398,0.099514563
Adley Rutschman ,352,48,15,46,2,0.255,0.332,0.43,0.762,0.227272727,0.113636364
Christian Walker ,458,63,17,64,2,0.254,0.321,0.428,0.749,0.266375546,0.098253275
Manuel Margot ,428,56,11,53,15,0.256,0.317,0.4,0.717,0.191588785,0.088785047
Gary Sanchez ,369,52,22,57,0,0.212,0.297,0.433,0.731,0.317073171,0.119241192
Carlos Santana ,421,58,17,57,2,0.234,0.342,0.39,0.732,0.190023753,0.163895487
Luis Arraez ,523,74,5,52,4,0.3,0.362,0.396,0.758,0.114722753,0.09751434
Connor Joe ,356,53,14,53,2,0.269,0.353,0.45,0.803,0.244382022,0.129213483
Andres Gimenez ,422,54,13,46,18,0.247,0.287,0.405,0.692,0.255924171,0.056872038
Jonathan Villar ,381,52,13,40,16,0.252,0.32,0.398,0.718,0.280839895,0.097112861
Miguel Rojas ,516,67,10,51,12,0.27,0.322,0.388,0.71,0.151162791,0.075581395
Cesar Hernandez ,514,72,14,57,3,0.258,0.328,0.395,0.722,0.219844358,0.10311284
Tyler Naquin ,444,58,18,66,5,0.264,0.313,0.449,0.763,0.263513514,0.072072072
J.P. Crawford ,572,79,10,56,7,0.262,0.331,0.374,0.705,0.192307692,0.101398601
Rafael Ortega ,436,62,14,49,14,0.257,0.327,0.407,0.734,0.233944954,0.103211009
Mike Zunino ,328,48,23,53,0,0.205,0.273,0.457,0.73,0.393292683,0.091463415
Mike Moustakas ,425,57,22,68,2,0.245,0.314,0.453,0.767,0.225882353,0.101176471
Jarren Duran ,411,55,11,45,16,0.257,0.308,0.411,0.719,0.284671533,0.072992701
Nick Senzel ,296,42,8,34,8,0.261,0.325,0.416,0.741,0.209459459,0.094594595
Victor Robles ,388,51,9,39,14,0.238,0.297,0.374,0.671,0.280927835,0.085051546
Seiya Suzuki ,360,52,17,51,5,0.265,0.355,0.477,0.832,0.194444444,0.113888889
Yandy Diaz ,436,61,13,58,1,0.27,0.363,0.408,0.771,0.185779817,0.142201835
Hunter Dozier ,439,56,17,55,5,0.238,0.308,0.422,0.73,0.30523918,0.10022779
Alejandro Kirk ,310,43,14,48,1,0.269,0.339,0.464,0.802,0.164516129,0.103225806
Lorenzo Cain ,403,55,10,45,14,0.266,0.331,0.395,0.726,0.208436725,0.096774194
Nico Hoerner ,430,52,5,45,10,0.275,0.335,0.374,0.708,0.179069767,0.088372093
Garrett Cooper ,406,56,16,57,2,0.271,0.345,0.442,0.787,0.295566502,0.110837438
Elias Diaz ,334,44,13,44,0,0.265,0.321,0.437,0.759,0.194610778,0.083832335
Kyle Isbel ,338,48,9,38,11,0.257,0.313,0.404,0.717,0.272189349,0.082840237
Max Stassi ,346,46,15,46,0,0.231,0.302,0.405,0.706,0.338150289,0.101156069
Eric Haase ,266,34,14,39,1,0.221,0.279,0.418,0.698,0.372180451,0.078947368
Brian Anderson ,440,55,17,58,5,0.25,0.322,0.412,0.734,0.272727273,0.106818182
James McCann ,369,41,12,45,2,0.238,0.294,0.377,0.671,0.300813008,0.078590786
Yadier Molina ,397,42,11,51,3,0.252,0.29,0.374,0.664,0.17884131,0.052896725
Kole Calhoun ,422,59,22,58,3,0.234,0.311,0.434,0.744,0.260663507,0.109004739
Julio Rodriguez ,252,36,9,34,7,0.277,0.335,0.449,0.784,0.238095238,0.079365079
Wilmer Flores ,371,52,16,52,1,0.269,0.328,0.448,0.776,0.153638814,0.088948787
Kyle Farmer ,410,49,12,51,3,0.259,0.296,0.405,0.701,0.22195122,0.053658537
Austin Nola ,323,39,9,43,1,0.262,0.326,0.4,0.726,0.185758514,0.095975232
Yoshi Tsutsugo ,431,59,18,59,1,0.23,0.322,0.41,0.732,0.287703016,0.129930394
Ramon Urias ,415,52,12,52,3,0.256,0.322,0.399,0.721,0.274698795,0.096385542
Vidal Brujan ,220,30,4,24,15,0.244,0.305,0.371,0.676,0.177272727,0.081818182
Bradley Zimmer ,303,41,9,33,13,0.223,0.295,0.353,0.649,0.389438944,0.102310231
Tucker Barnhart ,337,36,8,38,0,0.231,0.3,0.349,0.649,0.272997033,0.097922849
Gavin Sheets ,413,56,21,67,1,0.256,0.32,0.459,0.78,0.251815981,0.092009685
Miguel Cabrera ,443,49,15,62,0,0.254,0.315,0.391,0.705,0.248306998,0.088036117
Michael A.,445,51,13,48,12,0.236,0.288,0.378,0.666,0.301123596,0.071910112
Jose Miranda ,383,52,14,53,2,0.276,0.316,0.449,0.764,0.156657963,0.057441253
Yan Gomes ,272,35,11,38,1,0.25,0.298,0.419,0.717,0.242647059,0.069852941
Danny Jansen ,313,47,16,46,1,0.235,0.311,0.442,0.753,0.24600639,0.108626198
Luis Garcia ,381,48,12,45,3,0.263,0.301,0.425,0.726,0.19160105,0.05511811
Keston Hiura ,301,40,14,42,5,0.232,0.295,0.419,0.714,0.362126246,0.089700997
Riley Greene ,313,43,11,40,6,0.258,0.323,0.433,0.756,0.284345048,0.089456869
Sam Hilliard ,370,51,19,52,9,0.232,0.298,0.446,0.744,0.364864865,0.091891892
Jose Iglesias ,405,50,7,47,5,0.284,0.314,0.41,0.724,0.148148148,0.044444444
Joey Bart ,354,42,9,38,2,0.238,0.281,0.369,0.65,0.324858757,0.059322034
Tommy La,414,58,12,49,2,0.268,0.332,0.411,0.743,0.118357488,0.094202899
Michael Chavis ,398,51,16,52,4,0.242,0.286,0.42,0.706,0.314070352,0.060301508
Ha-Seong Kim ,331,43,11,44,8,0.236,0.3,0.4,0.7,0.232628399,0.090634441
Leury Garcia ,396,52,7,42,7,0.263,0.315,0.373,0.687,0.242424242,0.075757576
Yadiel Hernandez ,348,47,14,49,3,0.26,0.321,0.423,0.744,0.264367816,0.08908046
Josh Jung ,149,19,6,20,1,0.273,0.328,0.458,0.786,0.100671141,0.053691275
Dylan Moore ,281,37,10,34,16,0.21,0.285,0.369,0.654,0.306049822,0.103202847
Darin Ruf ,311,45,16,47,2,0.256,0.346,0.453,0.799,0.311897106,0.138263666
Jacob Stallings ,366,40,9,43,1,0.25,0.324,0.377,0.701,0.243169399,0.109289617
Tyrone Taylor ,373,50,16,55,7,0.247,0.3,0.431,0.731,0.254691689,0.075067024
Bryan De,429,51,11,47,4,0.271,0.322,0.402,0.724,0.251748252,0.076923077
Elvis Andrus ,415,47,6,36,10,0.248,0.294,0.349,0.643,0.16626506,0.065060241
Josh Harrison ,414,50,8,47,7,0.269,0.313,0.393,0.705,0.157004831,0.062801932
Aaron Hicks ,406,62,17,57,4,0.232,0.342,0.41,0.752,0.266009852,0.162561576
Tony Kemp ,403,58,8,42,9,0.256,0.344,0.374,0.718,0.168734491,0.133995037
Brandon Marsh ,461,59,11,49,11,0.253,0.322,0.389,0.71,0.334056399,0.101952278
Jorge Alfaro ,353,36,10,42,7,0.243,0.279,0.379,0.658,0.33427762,0.050991501
Austin Slater ,307,44,11,37,13,0.252,0.33,0.419,0.749,0.306188925,0.117263844
Josh Lowe ,124,17,5,16,5,0.242,0.317,0.407,0.724,0.322580645,0.112903226
Chas McCormick ,289,42,11,41,6,0.246,0.317,0.403,0.72,0.294117647,0.103806228
Seth Brown ,443,59,22,66,5,0.227,0.282,0.432,0.715,0.331828442,0.076749436
Justin Upton ,321,47,17,46,3,0.222,0.303,0.417,0.72,0.327102804,0.115264798
Clint Frazier ,331,45,14,44,4,0.236,0.322,0.414,0.736,0.320241692,0.126888218
Santiago Espinal ,405,52,7,42,8,0.274,0.33,0.381,0.711,0.185185185,0.083950617
Anthony Alford ,368,48,13,46,14,0.235,0.304,0.401,0.705,0.385869565,0.097826087
Jurickson Profar ,400,55,10,47,10,0.242,0.321,0.378,0.699,0.18,0.1175
Rougned Odor ,335,44,18,49,3,0.214,0.274,0.425,0.699,0.307462687,0.08358209
Kevin Kiermaier ,400,52,8,44,12,0.236,0.298,0.37,0.669,0.28,0.09
Robinson Cano ,360,44,12,47,1,0.264,0.311,0.417,0.728,0.183333333,0.069444444
Odubel Herrera ,331,45,11,41,5,0.267,0.317,0.43,0.747,0.190332326,0.072507553
Ji-Man Choi ,384,54,16,59,1,0.237,0.342,0.411,0.753,0.315104167,0.161458333
Carter Kieboom ,427,58,13,52,2,0.241,0.322,0.379,0.701,0.264637002,0.119437939
Luis Torrens ,251,29,10,33,0,0.24,0.302,0.412,0.714,0.270916335,0.091633466
J.D. Davis ,300,40,12,40,2,0.262,0.342,0.427,0.768,0.296666667,0.12
Edmundo Sosa ,351,45,9,38,5,0.262,0.301,0.394,0.694,0.225071225,0.054131054
Corey Dickerson ,321,41,9,38,4,0.268,0.314,0.423,0.737,0.205607477,0.065420561
Ben Gamel ,425,56,10,45,6,0.25,0.34,0.389,0.728,0.312941176,0.134117647
Nick Ahmed ,464,55,10,51,7,0.241,0.299,0.378,0.677,0.228448276,0.081896552
Francisco Mejia ,248,30,8,32,0,0.247,0.295,0.406,0.701,0.217741935,0.068548387
Aristides Aquino ,337,50,21,56,5,0.231,0.308,0.466,0.774,0.362017804,0.109792285
Tom Murphy ,247,30,11,31,1,0.216,0.294,0.387,0.681,0.336032389,0.109311741
Chad Pinder ,422,55,16,55,2,0.243,0.296,0.416,0.713,0.277251185,0.075829384
Ryan Jeffers ,235,28,11,31,0,0.219,0.287,0.401,0.688,0.336170213,0.093617021
Jonah Heim ,263,29,9,32,2,0.234,0.285,0.386,0.671,0.224334601,0.072243346
Stephen Piscotty ,413,46,15,52,3,0.232,0.288,0.389,0.676,0.292978208,0.07748184
Victor Reyes ,268,34,6,27,7,0.271,0.308,0.407,0.715,0.242537313,0.052238806
Seth Beer ,301,42,12,43,1,0.257,0.317,0.442,0.759,0.255813953,0.086378738
Adam Engel ,297,39,11,36,9,0.242,0.288,0.408,0.696,0.292929293,0.063973064
Jackie Bradley,340,43,9,36,6,0.218,0.284,0.362,0.645,0.291176471,0.091176471
Niko Goodrum ,252,34,8,30,10,0.226,0.297,0.378,0.675,0.361111111,0.103174603
Alcides Escobar ,416,52,7,43,4,0.254,0.294,0.357,0.652,0.201923077,0.057692308
Pedro Severino ,227,25,7,29,1,0.241,0.307,0.383,0.691,0.286343612,0.0969163
Jason Heyward ,366,46,11,42,5,0.243,0.319,0.391,0.71,0.221311475,0.112021858
Jake Meyers ,358,48,13,49,8,0.247,0.3,0.409,0.708,0.298882682,0.075418994
Nick Gordon ,224,28,5,26,9,0.252,0.298,0.385,0.683,0.263392857,0.066964286
Jose Barrero ,237,32,8,31,6,0.259,0.308,0.428,0.736,0.282700422,0.071729958
Adam Eaton ,196,29,5,20,3,0.244,0.313,0.376,0.69,0.239795918,0.102040816
Roberto Perez ,336,35,12,39,2,0.205,0.287,0.343,0.63,0.363095238,0.116071429
Jeremy Pena ,346,43,12,40,8,0.25,0.296,0.414,0.711,0.26300578,0.066473988
Willi Castro ,132,18,4,15,3,0.251,0.294,0.4,0.694,0.25,0.060606061
Leody Taveras ,202,25,6,21,9,0.222,0.287,0.366,0.653,0.292079208,0.089108911
Jed Lowrie ,381,48,12,54,0,0.248,0.321,0.399,0.721,0.249343832,0.107611549
Alex Dickerson ,239,34,11,35,1,0.256,0.317,0.45,0.767,0.259414226,0.087866109
Jake Fraley ,292,40,12,41,11,0.23,0.322,0.403,0.725,0.332191781,0.136986301
Bryson Stott ,286,38,9,34,5,0.254,0.324,0.403,0.727,0.265734266,0.104895105
Brad Miller ,290,44,16,45,2,0.239,0.327,0.451,0.778,0.320689655,0.131034483
Yonathan Daza ,266,30,3,26,3,0.282,0.325,0.381,0.706,0.195488722,0.063909774
DJ Stewart ,224,32,10,32,1,0.223,0.323,0.41,0.733,0.303571429,0.147321429
Jordan Luplow ,281,42,14,42,3,0.237,0.333,0.439,0.772,0.306049822,0.142348754
Tyler Wade ,270,39,4,24,18,0.24,0.307,0.342,0.649,0.285185185,0.096296296
Kevin Newman ,353,39,5,33,6,0.261,0.303,0.358,0.661,0.116147309,0.059490085
Andy Ibanez ,300,40,10,35,2,0.266,0.318,0.424,0.742,0.186666667,0.076666667
Colin Moran ,320,38,12,49,1,0.258,0.325,0.421,0.746,0.26875,0.1
Lars Nootbaar ,293,39,11,37,4,0.25,0.322,0.401,0.723,0.23890785,0.105802048
Matt Vierling ,353,43,11,41,8,0.253,0.306,0.4,0.705,0.271954674,0.073654391
Zach McKinstry ,173,24,6,25,3,0.243,0.301,0.414,0.715,0.283236994,0.080924855
Jorge Mateo ,333,38,8,33,13,0.241,0.279,0.382,0.661,0.282282282,0.054054054
Oscar Mercado ,260,34,7,29,9,0.239,0.3,0.384,0.684,0.219230769,0.088461538
Triston Casas ,204,31,8,29,2,0.254,0.33,0.443,0.773,0.269607843,0.112745098
Kevin Pillar ,269,35,10,36,5,0.248,0.277,0.418,0.695,0.200743494,0.040892193
Steven Duggar ,304,40,7,34,8,0.24,0.306,0.375,0.681,0.325657895,0.095394737
Trevor Larnach ,340,42,12,40,2,0.234,0.309,0.389,0.698,0.355882353,0.108823529
Juan Yepez ,216,30,11,33,1,0.254,0.318,0.457,0.775,0.268518519,0.092592593
Kyle Higashioka ,231,28,12,34,0,0.213,0.269,0.408,0.677,0.294372294,0.077922078
Gregory Polanco ,124,15,5,16,4,0.226,0.3,0.429,0.728,0.35483871,0.10483871
Nolan Gorman ,156,20,6,20,1,0.251,0.296,0.416,0.713,0.282051282,0.064102564
Josh Naylor ,249,32,9,31,2,0.265,0.32,0.437,0.757,0.21686747,0.080321285
Manny Pina ,231,30,11,35,0,0.226,0.295,0.408,0.703,0.264069264,0.095238095
William Contreras ,76,10,4,10,0,0.244,0.306,0.438,0.744,0.302631579,0.092105263
Taylor Walls ,342,45,8,38,11,0.23,0.315,0.363,0.678,0.298245614,0.125730994
Victor Caratini ,196,23,5,24,1,0.24,0.314,0.363,0.676,0.275510204,0.107142857
Matt Beaty ,262,38,8,40,3,0.26,0.315,0.404,0.719,0.209923664,0.080152672
Brent Rooker ,235,33,12,32,1,0.225,0.297,0.434,0.731,0.4,0.10212766
Orlando Arcia ,319,38,11,39,5,0.252,0.307,0.41,0.718,0.197492163,0.081504702
Cal Raleigh ,227,24,8,28,2,0.222,0.272,0.396,0.668,0.31277533,0.070484581
Jon Berti ,157,24,3,16,7,0.247,0.332,0.36,0.692,0.27388535,0.127388535
Cristian Pache ,228,30,6,24,4,0.233,0.284,0.376,0.659,0.285087719,0.070175439
Ben Rortvedt ,149,18,5,18,0,0.223,0.285,0.373,0.658,0.275167785,0.087248322
Christian Arroyo ,229,32,9,31,2,0.251,0.296,0.426,0.722,0.253275109,0.065502183
Aledmys Diaz ,301,37,10,42,1,0.255,0.303,0.414,0.717,0.205980066,0.069767442
Eric Sogard ,135,15,2,12,2,0.244,0.301,0.338,0.639,0.17037037,0.081481481
Brendan McKay ,23,3,1,3,0,0.196,0.267,0.336,0.603,0.347826087,0.086956522
Cole Tucker ,297,37,6,29,7,0.232,0.303,0.359,0.662,0.245791246,0.101010101
Sandy Leon ,168,16,5,16,0,0.194,0.253,0.309,0.562,0.303571429,0.077380952
Kevin Plawecki ,201,23,5,24,1,0.268,0.324,0.399,0.723,0.199004975,0.084577114
Nolan Jones ,179,24,6,21,3,0.234,0.32,0.405,0.725,0.374301676,0.12849162
Shogo Akiyama ,181,22,3,17,4,0.248,0.318,0.37,0.688,0.232044199,0.104972376
Starlin Castro ,201,22,5,25,1,0.275,0.321,0.404,0.725,0.194029851,0.069651741
Donovan Solano ,317,37,6,36,1,0.279,0.323,0.393,0.715,0.19873817,0.063091483
Dom Nunez ,216,29,10,30,1,0.209,0.301,0.4,0.7,0.37037037,0.12962963
Edwin Rios ,131,19,7,21,0,0.227,0.29,0.441,0.731,0.297709924,0.091603053
Jason Castro ,147,20,7,18,0,0.22,0.318,0.395,0.713,0.360544218,0.142857143
Jose Trevino ,254,25,6,28,1,0.238,0.273,0.359,0.632,0.212598425,0.047244094
Steven Kwan ,284,38,7,33,4,0.28,0.337,0.42,0.757,0.137323944,0.084507042
Gabriel Moreno ,48,6,2,7,1,0.265,0.314,0.47,0.784,0.25,0.0625
Mitch Moreland ,271,37,14,42,0,0.236,0.304,0.43,0.735,0.26199262,0.099630996
Corey Ray ,50,6,2,6,1,0.215,0.274,0.369,0.643,0.34,0.08
Mauricio Dubon ,124,16,3,14,2,0.26,0.305,0.386,0.691,0.185483871,0.064516129
Josh VanMeter ,269,36,9,35,5,0.237,0.32,0.407,0.726,0.304832714,0.12267658
Martin Maldonado ,360,42,12,40,1,0.197,0.28,0.335,0.615,0.333333333,0.113888889
Lewin Diaz ,294,38,15,42,1,0.237,0.287,0.449,0.736,0.265306122,0.068027211
Evan White ,172,20,7,23,1,0.214,0.271,0.376,0.647,0.354651163,0.075581395
Matt Duffy ,201,26,3,20,4,0.275,0.336,0.374,0.71,0.208955224,0.094527363
Jose Siri ,213,28,8,27,9,0.233,0.28,0.395,0.675,0.361502347,0.0657277
Wilson Ramos ,156,18,6,22,0,0.264,0.313,0.423,0.737,0.198717949,0.070512821
Jeter Downs ,39,5,1,4,1,0.213,0.276,0.383,0.658,0.153846154,0.076923077
Nomar Mazara ,283,33,9,36,2,0.24,0.297,0.393,0.69,0.279151943,0.081272085
MJ Melendez ,100,14,5,15,1,0.247,0.32,0.468,0.788,0.3,0.11
Andrelton Simmons ,410,45,5,38,4,0.253,0.303,0.337,0.64,0.143902439,0.070731707
Brennen Davis ,89,14,4,11,2,0.241,0.309,0.429,0.738,0.337078652,0.101123596
Yermin Mercedes ,39,4,2,5,0,0.253,0.3,0.428,0.728,0.179487179,0.076923077
David Bote ,207,26,7,28,1,0.229,0.304,0.384,0.689,0.260869565,0.106280193
Daniel Vogelbach ,158,25,8,24,0,0.234,0.358,0.42,0.778,0.278481013,0.196202532
Andrew Stevenson ,300,39,7,36,5,0.255,0.308,0.387,0.695,0.29,0.076666667
Miguel Andujar ,117,16,5,15,1,0.263,0.301,0.442,0.743,0.196581197,0.051282051
Taylor Trammell ,80,10,3,9,2,0.21,0.29,0.352,0.642,0.3375,0.1125
Edward Olivares ,151,20,6,18,4,0.264,0.312,0.441,0.753,0.205298013,0.066225166
Riley Adams ,232,30,8,29,1,0.226,0.303,0.384,0.688,0.400862069,0.112068966
Brett Gardner ,288,40,8,32,4,0.23,0.323,0.369,0.693,0.263888889,0.138888889
Mike Brosseau ,235,32,9,32,2,0.236,0.299,0.404,0.704,0.310638298,0.089361702
Daz Cameron ,148,20,4,16,5,0.229,0.292,0.384,0.677,0.310810811,0.087837838
Alek Thomas ,176,25,5,21,4,0.268,0.324,0.432,0.756,0.244318182,0.085227273
Austin Hedges ,320,35,13,38,1,0.198,0.249,0.352,0.601,0.31875,0.06875
Kelvin Gutierrez ,326,34,7,33,3,0.242,0.295,0.36,0.655,0.279141104,0.076687117
Curt Casali ,213,24,7,26,1,0.224,0.306,0.368,0.674,0.328638498,0.117370892
Renato Nunez ,92,13,5,14,0,0.242,0.299,0.443,0.743,0.27173913,0.086956522
Dexter Fowler ,224,30,7,27,4,0.219,0.309,0.362,0.671,0.34375,0.129464286
Jake McCarthy ,268,35,7,31,15,0.23,0.291,0.383,0.675,0.320895522,0.085820896
Greg Allen ,170,24,3,19,10,0.253,0.308,0.374,0.681,0.252941176,0.076470588
Sam Huff ,32,4,1,4,0,0.214,0.259,0.387,0.646,0.40625,0.0625
Luis Campusano ,105,13,4,13,0,0.251,0.309,0.408,0.717,0.247619048,0.085714286
Kurt Suzuki ,146,16,5,17,0,0.236,0.285,0.379,0.664,0.205479452,0.068493151
Austin Barnes ,193,27,6,24,2,0.222,0.3,0.357,0.657,0.274611399,0.10880829
Adam Haseley ,324,39,8,35,6,0.244,0.295,0.365,0.661,0.259259259,0.074074074
Zack Collins ,102,14,4,15,0,0.22,0.324,0.385,0.709,0.362745098,0.156862745
Drew Waters ,199,25,4,21,7,0.249,0.304,0.38,0.684,0.346733668,0.08040201
Jace Peterson ,179,25,5,22,5,0.242,0.331,0.377,0.708,0.251396648,0.134078212
Thairo Estrada ,222,32,8,29,3,0.261,0.305,0.417,0.723,0.225225225,0.063063063
Jake Burger ,75,10,3,10,0,0.25,0.302,0.426,0.728,0.266666667,0.08
Nick Pratto ,200,28,10,29,4,0.238,0.315,0.454,0.769,0.335,0.11
Asdrubal Cabrera ,232,29,8,34,1,0.238,0.312,0.399,0.711,0.237068966,0.107758621
Stephen Vogt ,150,18,5,19,0,0.216,0.295,0.382,0.676,0.266666667,0.113333333
Colton Welker ,298,40,10,41,2,0.265,0.32,0.423,0.744,0.258389262,0.080536913
Nick Fortes ,100,13,4,13,1,0.245,0.302,0.387,0.689,0.24,0.08
Danny Santana ,166,23,7,22,6,0.236,0.286,0.422,0.709,0.313253012,0.072289157
Austin Allen ,181,21,8,23,0,0.244,0.286,0.416,0.702,0.270718232,0.060773481
Marwin Gonzalez ,251,29,7,30,2,0.232,0.291,0.364,0.655,0.262948207,0.083665339
Royce Lewis ,40,5,1,5,1,0.238,0.293,0.39,0.684,0.175,0.075
Cooper Hummel ,134,20,5,18,1,0.243,0.336,0.412,0.748,0.268656716,0.141791045
Brett Phillips ,171,26,7,23,8,0.198,0.294,0.378,0.671,0.450292398,0.134502924
Sheldon Neuse ,27,4,1,3,0,0.245,0.298,0.379,0.678,0.333333333,0.074074074
CJ Abrams ,70,9,1,8,3,0.242,0.289,0.354,0.643,0.2,0.071428571
Kevin Smith ,242,31,11,32,6,0.229,0.283,0.43,0.713,0.347107438,0.074380165
Andrew Knizner ,177,21,4,18,1,0.23,0.294,0.35,0.644,0.231638418,0.09039548
Lewis Brinson ,173,19,6,21,2,0.225,0.271,0.375,0.645,0.317919075,0.063583815
Johan Camargo ,191,25,7,24,1,0.25,0.309,0.423,0.733,0.240837696,0.083769634
Heliot Ramos ,173,21,5,19,4,0.238,0.292,0.378,0.67,0.300578035,0.075144509
Matt Thaiss ,171,24,7,23,1,0.236,0.318,0.402,0.72,0.298245614,0.122807018
Tomas Nido ,168,18,4,18,1,0.222,0.258,0.349,0.607,0.279761905,0.047619048
Sergio Alcantara ,219,27,5,20,3,0.229,0.313,0.34,0.653,0.305936073,0.123287671
JJ Bleday ,35,4,1,4,0,0.219,0.3,0.374,0.674,0.257142857,0.114285714
Shed Long,140,17,5,17,2,0.231,0.295,0.392,0.686,0.292857143,0.092857143
Geraldo Perdomo ,97,13,1,9,2,0.247,0.328,0.354,0.681,0.237113402,0.12371134
Yonny Hernandez ,125,17,1,10,7,0.239,0.331,0.326,0.657,0.2,0.136
Michael Perez ,165,17,5,19,1,0.201,0.27,0.349,0.619,0.309090909,0.096969697
Alan Trejo ,246,29,7,28,3,0.248,0.289,0.408,0.697,0.280487805,0.056910569
Yu Chang ,196,26,7,28,1,0.236,0.289,0.414,0.703,0.316326531,0.076530612
Reese McGuire ,94,12,2,10,0,0.244,0.301,0.377,0.678,0.244680851,0.085106383
Isaac Paredes ,101,13,3,12,0,0.25,0.324,0.388,0.712,0.188118812,0.108910891
Andrew Knapp ,137,16,4,15,0,0.21,0.295,0.345,0.64,0.372262774,0.124087591
Travis Swaggerty ,153,20,4,17,5,0.24,0.308,0.382,0.69,0.300653595,0.098039216
DJ Peters ,46,7,2,7,0,0.21,0.268,0.402,0.671,0.391304348,0.086956522
Robinson Chirinos ,112,14,5,15,0,0.215,0.292,0.384,0.676,0.330357143,0.107142857
Hoy Park ,130,18,3,14,4,0.239,0.333,0.372,0.706,0.276923077,0.138461538
Austin Romine ,114,12,3,14,0,0.234,0.27,0.362,0.631,0.280701754,0.052631579
Luis Rengifo ,177,23,5,20,4,0.241,0.3,0.384,0.684,0.237288136,0.084745763
Vimael Machin ,151,18,3,15,2,0.234,0.307,0.353,0.66,0.245033113,0.105960265
TJ Friedl ,207,28,6,23,6,0.256,0.32,0.4,0.721,0.222222222,0.09178744
Rylan Bannon ,151,18,6,18,2,0.219,0.292,0.39,0.681,0.258278146,0.105960265
Alex Jackson ,107,12,5,13,0,0.198,0.26,0.371,0.632,0.429906542,0.08411215
Luis Guillorme ,118,15,2,12,1,0.268,0.357,0.363,0.72,0.211864407,0.13559322
Cam Gallagher ,110,12,2,11,0,0.247,0.305,0.365,0.67,0.2,0.081818182
Taylor Ward ,101,16,4,14,1,0.254,0.33,0.434,0.764,0.306930693,0.108910891
Brock Holt ,195,22,2,19,3,0.239,0.31,0.33,0.64,0.225641026,0.102564103
Romy Gonzalez ,105,14,4,12,3,0.237,0.291,0.407,0.698,0.333333333,0.076190476
Mickey Moniak ,239,28,8,29,3,0.227,0.28,0.398,0.678,0.330543933,0.071129707
Seby Zavala ,103,13,4,13,0,0.186,0.243,0.348,0.59,0.417475728,0.077669903
Jake Rogers ,54,7,2,7,0,0.212,0.287,0.377,0.664,0.388888889,0.111111111
Khris Davis ,179,24,9,28,0,0.226,0.291,0.432,0.723,0.318435754,0.094972067
Garrett Stubbs ,101,13,2,11,2,0.219,0.295,0.335,0.629,0.247524752,0.108910891
Derek Hill ,155,19,4,15,5,0.241,0.29,0.367,0.657,0.335483871,0.070967742
Jake Marisnick ,179,23,6,22,4,0.223,0.269,0.382,0.651,0.346368715,0.061452514
Joe Panik ,187,20,3,17,2,0.244,0.309,0.346,0.655,0.144385027,0.096256684
Michael Hermosillo ,137,20,6,19,3,0.228,0.294,0.414,0.709,0.372262774,0.094890511
Estevan Florial ,145,19,6,18,4,0.231,0.31,0.388,0.698,0.406896552,0.117241379
Andrew Velazquez ,126,17,3,13,6,0.233,0.288,0.372,0.66,0.325396825,0.079365079
Jarrod Dyson ,165,21,2,13,11,0.215,0.28,0.296,0.576,0.248484848,0.090909091
Jacob Nottingham ,131,15,5,17,1,0.198,0.257,0.352,0.61,0.41221374,0.083969466
Danny Mendick ,176,21,4,19,2,0.241,0.305,0.362,0.666,0.232954545,0.090909091
Tim Locastro ,171,25,3,18,8,0.233,0.283,0.358,0.641,0.228070175,0.070175439
Rafael Marchan ,59,7,1,6,0,0.232,0.285,0.313,0.598,0.220338983,0.06779661
Travis Shaw ,182,23,8,26,1,0.221,0.31,0.397,0.708,0.313186813,0.126373626
Chance Sisco ,67,8,2,8,0,0.213,0.295,0.355,0.649,0.313432836,0.119402985
Jose Peraza ,139,17,4,15,2,0.246,0.29,0.384,0.673,0.179856115,0.064748201
Ronald Guzman ,118,15,5,16,1,0.23,0.302,0.417,0.719,0.338983051,0.101694915
Bryan Lavastida ,50,7,1,6,1,0.255,0.319,0.398,0.718,0.24,0.1
Tres Barrera ,55,6,2,6,0,0.226,0.297,0.353,0.65,0.254545455,0.109090909
Elehuris Montero ,50,7,2,7,0,0.26,0.311,0.448,0.76,0.24,0.08
Max Schrock ,127,16,3,15,2,0.258,0.309,0.395,0.704,0.220472441,0.070866142
Ronald Torreyes ,172,18,3,19,1,0.246,0.285,0.357,0.642,0.139534884,0.052325581
Patrick Mazeika ,63,7,2,8,0,0.225,0.284,0.368,0.652,0.238095238,0.079365079
Jack Mayfield ,153,19,6,22,2,0.234,0.283,0.41,0.693,0.248366013,0.071895425
Phil Gosselin ,200,24,4,24,2,0.252,0.31,0.368,0.678,0.25,0.085
Hanser Alberto ,136,19,3,15,2,0.271,0.297,0.404,0.701,0.139705882,0.036764706
Charlie Culberson ,172,19,4,19,4,0.242,0.288,0.38,0.668,0.273255814,0.063953488
Anthony Bemboom ,67,8,2,7,0,0.211,0.277,0.336,0.613,0.313432836,0.089552239
Dustin Garneau ,52,6,2,7,0,0.211,0.275,0.398,0.673,0.326923077,0.096153846
Aramis Garcia ,91,10,3,10,0,0.217,0.27,0.369,0.639,0.32967033,0.076923077
Jahmai Jones ,121,14,3,12,2,0.228,0.289,0.367,0.656,0.280991736,0.082644628
Jose Herrera ,60,7,1,7,0,0.227,0.302,0.346,0.648,0.266666667,0.1
Albert Pujols ,169,19,8,27,1,0.24,0.281,0.408,0.689,0.183431953,0.059171598
Ryan McKenna ,88,12,3,10,2,0.222,0.304,0.372,0.676,0.306818182,0.113636364
Emmanuel Rivera ,82,10,3,10,1,0.253,0.296,0.409,0.706,0.231707317,0.06097561
Luke Maile ,72,9,2,8,1,0.216,0.285,0.329,0.614,0.333333333,0.097222222
Luke Williams ,168,20,3,16,5,0.228,0.287,0.343,0.63,0.285714286,0.083333333
Zach Reks ,109,14,4,13,1,0.235,0.306,0.389,0.695,0.385321101,0.100917431
Jake Lamb ,165,23,7,23,1,0.213,0.304,0.384,0.688,0.339393939,0.127272727
Connor Wong ,29,3,1,3,0,0.25,0.288,0.401,0.689,0.310344828,0.068965517
Juan Lagares ,171,21,4,19,1,0.245,0.283,0.377,0.66,0.245614035,0.052631579
Jordan Groshans ,79,11,2,9,0,0.268,0.332,0.376,0.708,0.17721519,0.101265823
Mark Kolozsvary ,43,5,1,5,0,0.2,0.27,0.333,0.603,0.395348837,0.093023256
Kyle Garlick ,41,6,2,6,0,0.238,0.286,0.457,0.743,0.317073171,0.073170732
Tony Wolters ,60,7,1,6,0,0.218,0.289,0.296,0.585,0.266666667,0.1
Oswaldo Cabrera ,48,6,2,6,1,0.241,0.29,0.411,0.701,0.270833333,0.0625
Brett Cumberland ,31,4,1,3,0,0.195,0.274,0.328,0.602,0.387096774,0.096774194
Zack Short ,53,7,2,7,1,0.211,0.298,0.374,0.672,0.320754717,0.132075472
Ali Sanchez ,31,3,0,3,0,0.241,0.289,0.317,0.606,0.225806452,0.064516129
Donovan Walton ,48,6,1,6,1,0.25,0.312,0.401,0.713,0.208333333,0.083333333
Korey Lee ,20,2,1,2,0,0.244,0.297,0.416,0.713,0.2,0.1
Skye Bolt ,43,5,1,5,1,0.212,0.277,0.346,0.623,0.302325581,0.093023256
Harold Castro ,184,19,2,19,1,0.272,0.305,0.357,0.661,0.222826087,0.048913043
Monte Harrison ,153,19,5,17,9,0.212,0.273,0.357,0.63,0.45751634,0.08496732
Ernie Clement ,63,7,1,5,1,0.248,0.289,0.339,0.627,0.158730159,0.063492063
Chad Wallach ,38,4,1,4,0,0.205,0.274,0.314,0.589,0.342105263,0.105263158
Gilberto Celestino ,54,7,1,6,1,0.241,0.299,0.366,0.666,0.259259259,0.092592593
Sebastian Rivero ,43,4,1,5,0,0.226,0.282,0.352,0.634,0.302325581,0.069767442
Mason Martin ,197,26,10,29,1,0.219,0.28,0.429,0.71,0.411167513,0.086294416
Jose Lobaton ,37,4,1,4,0,0.193,0.264,0.322,0.586,0.324324324,0.108108108
Owen Miller ,142,16,4,16,1,0.248,0.295,0.385,0.68,0.26056338,0.063380282
Pat Valaika ,167,17,5,18,1,0.225,0.27,0.358,0.628,0.281437126,0.05988024
Rene Pinto ,32,4,1,4,0,0.227,0.271,0.363,0.634,0.3125,0.0625
Taylor Jones ,66,9,2,9,0,0.247,0.316,0.401,0.717,0.303030303,0.106060606
Payton Henry ,40,4,1,4,0,0.231,0.288,0.383,0.672,0.325,0.075
Drew Butera ,55,5,1,5,1,0.184,0.247,0.274,0.521,0.345454545,0.090909091
Ehire Adrianza ,163,22,4,19,1,0.249,0.318,0.385,0.703,0.245398773,0.104294479
Austin Wynns ,65,7,1,7,1,0.222,0.278,0.294,0.572,0.261538462,0.076923077
Jamie Ritchie ,30,4,1,3,0,0.248,0.323,0.353,0.676,0.2,0.1
Brian Serven ,29,3,1,4,0,0.221,0.276,0.423,0.699,0.275862069,0.068965517
Jonathan Arauz ,78,11,2,10,1,0.251,0.314,0.403,0.717,0.243589744,0.08974359
Chadwick Tromp ,21,3,1,3,0,0.214,0.246,0.308,0.554,0.238095238,0.047619048
Guillermo Heredia ,222,30,5,23,1,0.229,0.299,0.352,0.651,0.265765766,0.099099099
Michael Stefanic ,48,6,1,5,1,0.261,0.312,0.386,0.699,0.145833333,0.083333333
Rob Brantly ,18,2,0,2,0,0.245,0.292,0.339,0.631,0.166666667,0.055555556
P.J. Higgins ,28,3,0,3,0,0.219,0.286,0.313,0.599,0.178571429,0.107142857
Cody Thomas ,103,12,4,13,1,0.208,0.269,0.38,0.649,0.368932039,0.087378641
Oswald Peraza ,121,14,4,13,6,0.253,0.297,0.387,0.684,0.256198347,0.066115702
Jason Vosler ,35,5,1,5,0,0.23,0.298,0.382,0.68,0.257142857,0.085714286
Tucupita Marcano ,63,8,1,6,1,0.239,0.308,0.332,0.64,0.19047619,0.095238095
Nelson Velazquez ,58,7,3,8,1,0.248,0.29,0.436,0.726,0.327586207,0.051724138
Hunter Feduccia ,15,2,0,2,0,0.244,0.307,0.325,0.631,0.266666667,0.066666667
Brendon Davis ,35,4,1,5,0,0.238,0.3,0.414,0.714,0.228571429,0.085714286
Luke Raley ,60,9,3,8,1,0.234,0.274,0.406,0.681,0.333333333,0.05
Nick Allen ,190,22,3,18,4,0.238,0.284,0.342,0.626,0.221052632,0.063157895
Daniel Robertson ,62,8,2,7,0,0.231,0.314,0.367,0.681,0.322580645,0.112903226
Jose Godoy ,81,9,3,11,0,0.232,0.295,0.384,0.679,0.296296296,0.086419753
Khalil Lee ,43,6,1,5,2,0.222,0.314,0.358,0.672,0.418604651,0.139534884
Taylor Davis ,29,3,0,2,0,0.218,0.292,0.269,0.561,0.172413793,0.103448276
Webster Rivas ,28,3,1,3,0,0.223,0.287,0.293,0.58,0.25,0.107142857
Peyton Burdick ,32,4,1,4,1,0.221,0.305,0.37,0.674,0.34375,0.125
Roman Quinn ,102,14,2,8,7,0.218,0.279,0.333,0.612,0.362745098,0.088235294
Matt Carpenter ,194,26,6,24,2,0.205,0.315,0.363,0.678,0.360824742,0.159793814
Franchy Cordero ,73,10,2,9,1,0.243,0.308,0.413,0.721,0.328767123,0.095890411
Nick Maton ,55,7,1,6,1,0.226,0.298,0.343,0.641,0.309090909,0.109090909
Christin Stewart ,96,13,4,14,0,0.242,0.311,0.446,0.758,0.3125,0.104166667
Brian Goodwin ,191,25,6,24,3,0.231,0.308,0.388,0.697,0.287958115,0.109947644
Rob Refsnyder ,149,20,4,17,1,0.257,0.327,0.388,0.715,0.315436242,0.100671141
Nick Martini ,23,3,1,3,0,0.288,0.381,0.324,0.705,0.260869565,0.130434783
Ryan Vilade ,180,23,3,19,4,0.263,0.312,0.383,0.695,0.227777778,0.072222222
David Dahl ,154,20,5,19,2,0.249,0.3,0.419,0.719,0.285714286,0.071428571
Jose Rojas ,84,12,3,10,1,0.237,0.302,0.422,0.724,0.273809524,0.095238095
Jose Devers ,65,9,2,7,1,0.262,0.315,0.401,0.716,0.246153846,0.076923077
Pablo Reyes ,55,7,1,6,1,0.242,0.302,0.372,0.673,0.218181818,0.090909091
Alejo Lopez ,36,5,0,4,0,0.273,0.32,0.344,0.665,0.138888889,0.083333333
John Nogowski ,132,17,3,16,1,0.245,0.32,0.361,0.682,0.204545455,0.113636364
Luis Barrera ,155,18,2,14,3,0.245,0.293,0.347,0.64,0.24516129,0.070967742
Scott Kingery ,127,15,4,13,3,0.214,0.268,0.363,0.63,0.354330709,0.070866142
Jonathan Aranda ,56,7,2,7,1,0.249,0.311,0.389,0.7,0.232142857,0.089285714
Maikel Franco ,162,18,6,22,0,0.239,0.291,0.402,0.693,0.185185185,0.074074074
Josh Reddick ,162,18,4,18,1,0.242,0.295,0.365,0.66,0.172839506,0.074074074
Travis Jankowski ,113,16,1,9,4,0.248,0.335,0.326,0.661,0.230088496,0.132743363
Micker Adolfo ,44,6,2,6,0,0.22,0.273,0.409,0.682,0.386363636,0.068181818
Stuart Fairchild ,37,4,1,4,1,0.232,0.292,0.388,0.68,0.243243243,0.081081081
Travis Demeritte ,73,11,3,11,1,0.232,0.304,0.431,0.735,0.342465753,0.109589041
Drew Ellis ,96,13,3,12,0,0.217,0.3,0.378,0.678,0.34375,0.114583333
Billy Hamilton ,109,14,1,8,8,0.213,0.268,0.296,0.564,0.311926606,0.073394495
Tyler Nevin ,56,7,2,7,0,0.236,0.307,0.386,0.692,0.25,0.107142857
Alfonso Rivas ,113,15,2,12,1,0.254,0.327,0.36,0.687,0.300884956,0.10619469
Lucius Fox ,49,6,1,4,3,0.223,0.298,0.335,0.633,0.285714286,0.102040816
Eli White ,129,16,3,12,3,0.216,0.28,0.344,0.624,0.348837209,0.085271318
Ian Desmond ,165,21,6,21,3,0.225,0.284,0.395,0.679,0.278787879,0.084848485
Daniel Johnson ,63,8,2,7,1,0.229,0.287,0.395,0.682,0.349206349,0.079365079
Ryan O'Hearn ,85,10,4,12,0,0.238,0.305,0.423,0.727,0.294117647,0.094117647
Wilmer Difo ,112,14,2,11,1,0.244,0.307,0.341,0.648,0.258928571,0.089285714
Matt Joyce ,109,15,3,13,0,0.224,0.328,0.356,0.684,0.293577982,0.155963303
Josh Palacios ,67,9,2,8,2,0.235,0.303,0.358,0.661,0.328358209,0.104477612
Aaron Altherr ,160,20,5,19,3,0.217,0.291,0.369,0.66,0.30625,0.10625
Rodolfo Castro ,65,8,3,8,1,0.226,0.274,0.394,0.668,0.276923077,0.061538462
Ender Inciarte ,36,5,1,4,1,0.227,0.3,0.332,0.631,0.222222222,0.111111111
Jordy Mercer ,131,14,3,13,0,0.24,0.289,0.36,0.649,0.251908397,0.06870229
Isan Diaz ,95,12,3,11,1,0.219,0.3,0.356,0.656,0.284210526,0.115789474
Magneuris Sierra ,59,7,0,3,3,0.235,0.278,0.294,0.572,0.13559322,0.06779661
Jonathan Davis ,34,5,1,3,1,0.201,0.277,0.324,0.601,0.264705882,0.117647059
Jake Cave ,64,8,2,7,0,0.238,0.29,0.377,0.667,0.3125,0.078125
Jaylin Davis ,75,10,3,10,1,0.225,0.289,0.404,0.693,0.373333333,0.093333333
Greg Deichmann ,25,3,1,3,0,0.223,0.3,0.376,0.677,0.36,0.12
Justin Smoak ,112,15,5,15,1,0.215,0.307,0.391,0.698,0.294642857,0.133928571
Darick Hall ,39,5,2,5,0,0.216,0.283,0.405,0.689,0.307692308,0.102564103
Willians Astudillo ,58,7,2,7,0,0.26,0.275,0.4,0.675,0.051724138,0.017241379
Jared Oliva ,93,11,1,9,4,0.233,0.288,0.342,0.629,0.279569892,0.075268817
Steven Souza,105,13,4,13,1,0.208,0.286,0.381,0.667,0.39047619,0.104761905
Blake Rutherford ,23,2,0,2,0,0.235,0.28,0.347,0.627,0.260869565,0.043478261
Jose Rondon ,51,7,2,6,1,0.231,0.287,0.408,0.695,0.235294118,0.078431373
Travis Blankenhorn ,15,2,0,2,0,0.234,0.286,0.309,0.595,0.266666667,0.066666667
Richie Martin ,54,6,1,5,1,0.222,0.271,0.343,0.614,0.277777778,0.074074074
Tyler Freeman ,60,8,1,6,1,0.276,0.307,0.397,0.704,0.1,0.05
Austin Dean ,50,7,2,7,0,0.255,0.319,0.411,0.73,0.14,0.1
Andrew Young ,35,5,1,5,0,0.217,0.263,0.334,0.598,0.342857143,0.057142857
Donovan Casey ,37,4,1,4,1,0.218,0.259,0.352,0.611,0.351351351,0.054054054
Delino DeShields ,65,8,1,5,3,0.234,0.317,0.313,0.631,0.246153846,0.123076923
Chris Owings ,89,11,3,10,2,0.22,0.28,0.368,0.647,0.348314607,0.078651685
Yusniel Diaz ,42,5,1,5,0,0.213,0.271,0.342,0.613,0.30952381,0.071428571
Trey Amburgey ,73,8,2,9,0,0.219,0.265,0.356,0.621,0.342465753,0.068493151
Trent Giambrone ,45,5,1,5,1,0.223,0.286,0.341,0.627,0.288888889,0.088888889
Rusney Castillo ,38,5,1,4,1,0.243,0.287,0.335,0.622,0.236842105,0.052631579
Jake Noll ,20,3,0,3,0,0.262,0.299,0.38,0.679,0.2,0.05
Simon Muzziotti ,16,2,0,1,0,0.227,0.28,0.295,0.575,0.1875,0.0625
Jedd Gyorko ,26,4,1,3,0,0.228,0.302,0.385,0.686,0.307692308,0.115384615
Ryan Kreidler ,27,4,1,3,1,0.236,0.295,0.378,0.673,0.296296296,0.074074074
Kevin Padlo ,28,3,1,3,0,0.21,0.285,0.378,0.663,0.357142857,0.107142857
Mark Vientos ,18,2,1,3,0,0.236,0.288,0.505,0.793,0.277777778,0.055555556
Kody Clemens ,30,4,1,4,0,0.234,0.287,0.369,0.656,0.266666667,0.066666667
Omar Estevez ,30,3,1,3,0,0.216,0.275,0.351,0.626,0.3,0.066666667
Clay Dungan ,23,3,0,2,1,0.258,0.301,0.312,0.613,0.173913043,0.043478261
Brendan Donovan ,27,4,0,3,1,0.256,0.315,0.363,0.679,0.148148148,0.074074074
Logan Warmoth ,25,3,1,2,1,0.198,0.269,0.315,0.585,0.4,0.08
Nick Plummer ,22,3,1,2,0,0.208,0.297,0.311,0.608,0.318181818,0.136363636
Eguy Rosario ,31,4,1,4,1,0.254,0.319,0.365,0.684,0.193548387,0.096774194
Adrian Sanchez ,20,2,0,2,0,0.252,0.289,0.282,0.571,0.1,0.05
Yolbert Sanchez ,19,2,0,2,0,0.268,0.308,0.354,0.662,0.157894737,0.052631579
Erik Gonzalez ,46,4,1,5,1,0.239,0.278,0.273,0.551,0.260869565,0.065217391
Alex De,25,3,1,2,0,0.213,0.276,0.344,0.62,0.28,0.08
Anderson Tejeda ,30,3,1,3,1,0.178,0.228,0.31,0.538,0.233333333,0.066666667
Jake Hager ,21,2,1,2,0,0.207,0.257,0.324,0.58,0.285714286,0.047619048
Lane Adams ,15,2,1,2,0,0.203,0.28,0.378,0.658,0.333333333,0.133333333
Tyler White ,25,4,1,3,0,0.23,0.321,0.378,0.7,0.24,0.12
Jorge Ona ,17,3,0,2,0,0.235,0.283,0.343,0.626,0.352941176,0.058823529
Gabriel Arias ,76,9,2,9,1,0.265,0.309,0.4,0.709,0.223684211,0.065789474
Kyle Holder ,15,2,0,1,0,0.247,0.298,0.32,0.618,0.266666667,0.066666667
Yohel Pozo ,82,9,3,11,0,0.274,0.296,0,0,0.12195122,0.036585366
Luis Liberato ,23,3,1,2,0,0.22,0.27,0.337,0.606,0.260869565,0.086956522
Yoenis Cespedes ,107,13,5,14,1,0.223,0.279,0.396,0.676,0.336448598,0.074766355
Curtis Terry ,53,6,2,7,0,0.225,0.271,0.404,0.675,0.283018868,0.056603774
Billy McKinney ,53,7,2,6,0,0.226,0.305,0.391,0.696,0.169811321,0.113207547
Greg Bird ,46,5,2,6,0,0.207,0.277,0.333,0.611,0.065217391,0.108695652
Jake Bauers ,146,17,4,15,3,0.225,0.309,0.361,0.67,0.253424658,0.123287671
Pedro Leon ,7,1,0,1,0,0.211,0.305,0.243,0.548,0.285714286,0.142857143
Sam Haggerty ,60,10,1,5,5,0.233,0.308,0,0,0.416666667,0.116666667
Dillon Thomas ,40,5,1,4,1,0.209,0.269,0.301,0.57,0.45,0.075
Jason Martin ,90,11,3,11,2,0.233,0.292,0.386,0.679,0.3,0.088888889
Taylor Motter ,36,5,2,4,0,0.214,0.296,0.355,0.651,0.25,0.111111111
Trayce Thompson ,30,4,2,4,1,0.197,0.27,0.368,0.638,0.333333333,0.1
Jack Lopez ,32,4,1,3,1,0.225,0.267,0.342,0.609,0.21875,0.0625
Dee Strange-Gordon ,240,30,10,24,6,0.253,0.31,0.385,0.695,0.341666667,0.083333333
Rio Ruiz ,56,6,2,7,0,0.225,0.286,0.341,0.627,0.196428571,0.089285714
Abraham Almonte ,51,9,2,7,1,0.255,0.374,0.471,0.844,0.294117647,0.196078431
Ildemaro Vargas ,39,4,1,4,0,0.25,0.287,0.371,0.658,0.179487179,0.051282051
JaCoby Jones ,61,8,2,6,1,0.214,0.267,0.167,0.433,0.31147541,0.06557377
Ryan McBroom ,50,6,2,7,0,0.225,0.282,0.361,0.643,0.24,0.08
Brett Sullivan ,17,2,0,2,0,0.218,0.259,0.342,0.601,0.176470588,0.058823529
Hunter Owen ,27,3,1,3,0,0.222,0.276,0.37,0.646,0.444444444,0.074074074
Andy Burns ,32,4,1,4,0,0.209,0.287,0.345,0.632,0.1875,0.125
Ka'ai Tom ,65,8,2,8,1,0.217,0.294,0.364,0.658,0.076923077,0.107692308
Mike Ford ,57,7,3,9,0,0.211,0.286,0.308,0.593,0.070175439,0.105263158
Albert Almora,57,6,1,5,0,0.224,0.266,0.354,0.619,0.157894737,0.052631579
Pete Kozma ,32,3,0,2,0,0.188,0.235,0.212,0.447,0.1875,0.0625
Phillip Evans ,92,11,2,8,1,0.223,0.296,0.25,0.546,0.02173913,0.108695652
Eric Thames ,257,33,12,33,2,0.222,0.301,0.406,0.707,0.299610895,0.112840467
Max Moroff ,113,16,5,18,1,0.224,0.313,0.41,0.722,0.336283186,0.132743363
Yairo Munoz ,84,10,2,9,3,0.273,0.305,0.408,0.712,0.19047619,0.047619048
Gerardo Parra ,66,9,2,9,1,0.236,0.293,0.3,0.593,0.242424242,0.075757576
Otto Lopez ,63,8,1,7,2,0.267,0.312,0.374,0.687,0.206349206,0.063492063
Richie Palacios ,49,7,1,5,2,0.265,0.331,0.392,0.723,0.204081633,0.102040816
Eddy Alvarez ,38,6,1,5,2,0.25,0.321,0,0,0.421052632,0.105263158
Todd Frazier ,57,7,2,7,0,0.235,0.297,0.308,0.605,0.192982456,0.087719298
Justin Williams ,44,6,2,6,1,0.222,0.286,0.364,0.65,0.340909091,0.090909091
Alex Blandino ,57,7,1,5,1,0.219,0.321,0,0,0.456140351,0.157894737
Esteban Quiroz ,38,5,2,5,0,0.23,0.311,0.405,0.716,0.289473684,0.105263158
Everson Pereira ,27,4,2,3,1,0.236,0.293,0.466,0.759,0.37037037,0.074074074
Josh Ockimey ,37,5,2,5,0,0.216,0.313,0.389,0.702,0.405405405,0.135135135
Johneshwy Fargas ,40,5,0,3,3,0.227,0.276,0.329,0.604,0.225,0.075
Wyatt Mathisen ,30,5,2,5,0,0.203,0.299,0,0,0.5,0.133333333
Alex Avila ,62,6,2,7,0,0.176,0.311,0.363,0.673,0.112903226,0.193548387
Dustin Fowler ,36,5,1,4,1,0.231,0.278,0.386,0.664,0.25,0.055555556
Derek Fisher ,20,3,1,2,1,0.225,0.311,0.25,0.561,0.2,0.15
Grayson Greiner ,44,5,2,5,0,0.205,0.263,0,0,0.568181818,0.090909091
Kean Wong ,41,5,1,4,0,0.252,0.298,0.286,0.583,0.268292683,0.073170732
Nick Heath ,27,4,0,2,3,0.204,0.283,0,0,0.407407407,0.111111111
Will Benson ,27,4,1,4,1,0.193,0.285,0.339,0.624,0.407407407,0.148148148
Hernan Perez ,34,3,1,3,1,0.239,0.282,0.333,0.615,0.088235294,0.058823529
Yasel Antuna ,40,5,1,5,0,0.206,0.273,0.323,0.595,0.125,0.1
Ronnie Dawson ,18,3,1,2,1,0.2,0.282,0.143,0.425,0.111111111,0.111111111
Buddy Reed ,27,3,1,3,1,0.196,0.262,0.313,0.575,0.296296296,0.074074074
Mark Payton ,24,3,1,3,0,0.255,0.314,0,0,0.208333333,0.083333333
Donny Sands ,71,9,3,9,1,0.231,0.299,0.395,0.693,0.352112676,0.098591549
Tzu-Wei Lin ,24,3,0,2,1,0.234,0.28,0,0,0.208333333,0.083333333
JT Riddle ,36,4,1,4,0,0.196,0.232,0.286,0.518,0.138888889,0.055555556
Tim Lopes ,18,2,0,2,1,0.269,0.316,0.292,0.608,0.222222222,0.055555556
Deven Marrero ,21,3,1,2,0,0.22,0.304,0,0,0.238095238,0.142857143
Mario Feliciano ,20,2,1,2,0,0.236,0.283,0.359,0.642,0.3,0.05
Ivan Castillo ,20,2,0,2,1,0.25,0.286,0.364,0.649,0.1,0.05
Ryan Dorow ,25,3,1,2,0,0.214,0.269,0.352,0.622,0.28,0.08
Brian Miller ,24,3,0,2,1,0.227,0.275,0.33,0.605,0.166666667,0.083333333
Tyler Payne ,20,2,0,2,0,0.205,0.262,0.2,0.462,0.15,0.1
Kyle Stowers ,5,1,0,1,0,0.188,0.293,0.238,0.531,0.4,0.2
Miles Mastrobuoni ,5,1,0,1,0,0.256,0.353,0.263,0.616,0.2,0.2
Scott Hurst ,20,2,0,1,0,0.179,0.238,0.2,0.438,0.15,0.1
Collin Theroux ,16,2,0,1,0,0.155,0.23,0.229,0.459,0.5,0.125
Yolmer Sanchez ,198,30,8,27,2,0.265,0.334,0.46,0.794,0.393939394,0.106060606
