Name,IP,K,W,SV,ERA,WHIP,ER,H,BB,HR_all,HR_perc,BB_perc,K_perc
Gerrit Cole ,197.1,257,16,0,3.19,1.04,70,156,50,27,0.045608108,0.084459459,0.434121622
Corbin Burnes ,172.2,225,13,0,3.04,1.06,58,133,50,17,0.032818533,0.096525097,0.434362934
Max Scherzer ,183.3,233,13,0,3.29,1.05,67,146,47,26,0.047101449,0.085144928,0.422101449
Walker Buehler ,193.6,202,14,0,3.62,1.13,78,167,52,25,0.042735043,0.088888889,0.345299145
Jacob deGrom ,153.4,211,12,0,2.52,0.93,43,107,35,16,0.034557235,0.075593952,0.455723542
Shohei Ohtani (pitcher),147.5,169,10,0,3.59,1.14,59,117,51,19,0.042600897,0.114349776,0.378923767
Brandon Woodruff ,181.3,207,13,0,3.43,1.09,69,150,48,22,0.04029304,0.087912088,0.379120879
Zack Wheeler ,198.4,204,14,0,3.43,1.14,76,176,50,22,0.036789298,0.08361204,0.341137124
Shane Bieber ,180.7,225,13,0,3.28,1.12,66,152,51,24,0.043875686,0.093235832,0.411334552
Julio Urias ,179.8,183,14,0,3.68,1.14,74,160,45,24,0.044036697,0.082568807,0.335779817
Aaron Nola ,183.8,210,12,0,3.69,1.14,75,159,51,26,0.046678636,0.091561939,0.377019749
Lucas Giolito ,181.4,211,13,0,3.77,1.15,76,151,58,27,0.049360146,0.106032907,0.385740402
Robbie Ray ,186.2,236,11,0,3.8,1.18,79,152,68,29,0.051785714,0.121428571,0.421428571
Sandy Alcantara ,193.2,183,12,0,3.69,1.19,79,173,57,22,0.037865749,0.098106713,0.314974182
Josh Hader ,65.1,105,4,33,2.69,0.97,19,37,26,8,0.040816327,0.132653061,0.535714286
Liam Hendriks ,68,100,4,32,2.75,0.92,21,49,14,9,0.04245283,0.066037736,0.471698113
Lance Lynn ,180.9,194,12,0,3.88,1.2,78,160,56,26,0.047358834,0.102003643,0.353369763
Freddy Peralta ,156.1,202,11,0,3.76,1.16,65,118,62,22,0.046908316,0.132196162,0.430703625
Chris Sale ,154.1,191,11,0,3.64,1.15,62,133,44,20,0.043196544,0.095032397,0.412526998
Kevin Gausman ,181.2,202,13,0,3.78,1.16,76,161,50,26,0.047706422,0.091743119,0.370642202
Jack Flaherty ,163.5,176,11,0,3.79,1.17,69,136,55,23,0.046558704,0.111336032,0.356275304
Jose Berrios ,192.2,198,13,0,3.95,1.19,84,175,53,26,0.044982699,0.091695502,0.342560554
Max Fried ,177.9,169,13,0,3.65,1.21,72,164,52,20,0.037037037,0.096296296,0.312962963
Logan Webb ,173.5,170,12,0,3.44,1.2,66,158,51,14,0.026717557,0.097328244,0.324427481
Frankie Montas ,178.4,190,12,0,3.75,1.21,74,160,55,23,0.042750929,0.102230483,0.353159851
Luis Castillo ,186.5,194,13,0,3.89,1.29,81,170,70,22,0.039076377,0.124333925,0.344582593
Joe Musgrove ,176.7,188,12,0,3.81,1.18,75,156,53,24,0.044859813,0.099065421,0.351401869
Raisel Iglesias ,67.3,91,4,32,3.14,1.05,23,54,17,9,0.044117647,0.083333333,0.446078431
Charlie Morton ,161.5,177,12,0,3.59,1.17,64,137,52,18,0.036885246,0.106557377,0.362704918
Yu Darvish ,170.4,191,11,0,3.91,1.16,74,149,49,26,0.050583658,0.095330739,0.371595331
Trevor Rogers ,152.3,168,10,0,3.54,1.21,60,130,54,18,0.039215686,0.117647059,0.366013072
Dylan Cease ,164.5,200,12,0,4.05,1.27,74,140,69,23,0.046277666,0.138832998,0.402414487
Edwin Diaz ,66.3,96,4,33,3.15,1.11,23,49,25,8,0.039800995,0.124378109,0.47761194
Carlos Rodon ,141.8,174,10,0,3.54,1.14,56,115,46,18,0.041763341,0.106728538,0.403712297
Aroldis Chapman ,62.4,98,4,33,3.1,1.2,21,42,33,7,0.036842105,0.173684211,0.515789474
Alek Manoah ,154.1,172,11,0,3.89,1.18,67,128,54,21,0.045356371,0.11663067,0.371490281
Emmanuel Clase ,67.1,74,4,30,2.92,1.1,22,55,19,5,0.024752475,0.094059406,0.366336634
Ryan Pressly ,64.6,78,4,34,2.96,1.08,21,53,17,6,0.03030303,0.085858586,0.393939394
Shane McClanahan ,148.3,162,11,0,3.74,1.25,62,135,50,19,0.042505593,0.111856823,0.362416107
Justin Verlander ,150.7,178,11,0,3.56,1.09,60,125,39,25,0.054704595,0.085339168,0.389496718
Blake Snell ,145.8,178,10,0,3.84,1.26,62,120,64,20,0.045146727,0.144469526,0.401805869
Chris Bassitt ,168.9,162,10,0,3.93,1.18,74,152,48,22,0.04288499,0.093567251,0.315789474
Zac Gallen ,168.6,179,10,0,4.15,1.27,78,152,62,24,0.047058824,0.121568627,0.350980392
Framber Valdez ,173,161,12,0,3.77,1.31,72,159,69,17,0.03256705,0.132183908,0.308429119
Clayton Kershaw ,142.6,152,10,0,3.5,1.1,55,125,32,20,0.046296296,0.074074074,0.351851852
Eduardo Rodriguez ,174.1,182,11,0,3.79,1.26,73,163,56,22,0.04206501,0.10707457,0.347992352
Pablo Lopez ,145.4,145,9,0,3.68,1.17,59,130,40,18,0.041002278,0.091116173,0.330296128
Tyler Mahle ,169.5,185,10,0,4.28,1.28,81,156,60,26,0.05078125,0.1171875,0.361328125
Sean Manaea ,172.6,172,11,0,3.75,1.18,72,163,40,24,0.045977011,0.076628352,0.329501916
Kenley Jansen ,65,78,4,20,3.74,1.16,27,50,26,9,0.045,0.13,0.39
Nathan Eovaldi ,173.6,178,12,0,3.89,1.21,75,169,40,23,0.043809524,0.076190476,0.339047619
Ian Anderson ,156.5,154,10,0,4.07,1.3,71,138,65,20,0.042283298,0.137420719,0.325581395
Sonny Gray ,156.9,164,10,0,4.11,1.28,72,142,60,21,0.044025157,0.125786164,0.343815514
Jordan Romano ,63.8,82,4,27,3.38,1.15,24,49,24,8,0.040609137,0.121827411,0.416243655
Giovanny Gallegos ,72.6,86,4,23,3.36,1.06,27,56,20,9,0.040540541,0.09009009,0.387387387
Will Smith ,66.4,80,4,31,3.86,1.17,28,53,24,10,0.04950495,0.118811881,0.396039604
Lance McCullers,148.1,159,10,0,3.58,1.26,59,125,62,15,0.033707865,0.139325843,0.357303371
Shane Baz ,112.7,125,8,0,3.69,1.17,46,96,36,17,0.049562682,0.104956268,0.364431487
Luis Garcia ,155.5,164,11,0,4.08,1.24,71,138,55,24,0.05106383,0.117021277,0.34893617
Mike Clevinger ,129.5,142,9,0,3.64,1.19,52,110,43,18,0.045918367,0.109693878,0.362244898
Logan Gilbert ,141.2,146,8,0,4.08,1.19,64,129,39,23,0.054117647,0.091764706,0.343529412
Marcus Stroman ,178.5,148,11,0,4.05,1.29,80,177,53,22,0.040816327,0.098330241,0.27458256
Michael Kopech ,128.8,159,9,0,3.87,1.22,55,108,49,20,0.051020408,0.125,0.405612245
Mark Melancon ,63.4,54,3,26,3.93,1.35,28,63,22,6,0.031088083,0.113989637,0.279792746
John Means ,165.9,148,10,0,4.37,1.17,81,157,37,31,0.061507937,0.073412698,0.293650794
Tarik Skubal ,153.4,164,9,0,4.32,1.25,74,142,50,26,0.056155508,0.107991361,0.354211663
Jose Urquidy ,139,123,9,0,4.3,1.19,66,132,34,24,0.056338028,0.079812207,0.288732394
Anthony DeSclafani ,164.3,146,10,0,4.27,1.26,78,158,49,23,0.046464646,0.098989899,0.294949495
German Marquez ,185.2,173,11,0,4.42,1.34,91,187,60,26,0.046678636,0.107719928,0.31059246
Blake Treinen ,67.8,74,4,26,3.43,1.19,26,56,25,7,0.033492823,0.119617225,0.354066986
Alex Wood ,150.1,150,10,0,3.81,1.24,64,141,45,18,0.039911308,0.099778271,0.332594235
Craig Kimbrel ,61,91,4,10,3.56,1.14,24,42,28,9,0.048913043,0.152173913,0.494565217
Adam Wainwright ,182.2,147,11,0,4.18,1.26,85,176,54,25,0.045620438,0.098540146,0.268248175
Camilo Doval ,60.5,74,3,19,3.7,1.29,25,48,29,7,0.037837838,0.156756757,0.4
Taylor Rogers ,59.7,75,4,23,3,1.12,20,53,14,6,0.032608696,0.076086957,0.407608696
Triston McKenzie ,129.2,143,7,0,4.48,1.26,64,108,54,23,0.059125964,0.138817481,0.367609254
Noah Syndergaard ,145.9,133,9,0,4.23,1.26,69,146,39,21,0.047297297,0.087837838,0.29954955
Hyun Jin,169.1,146,12,0,4.02,1.23,76,168,40,24,0.047244094,0.078740157,0.287401575
Aaron Civale ,159.9,133,9,0,4.47,1.27,79,160,43,28,0.057613169,0.088477366,0.273662551
Jordan Montgomery ,158,159,10,0,4,1.26,70,151,48,23,0.047717842,0.099585062,0.329875519
Scott Barlow ,72.4,87,4,21,3.57,1.28,29,64,29,8,0.036363636,0.131818182,0.395454545
Casey Mize ,156.9,127,8,0,4.47,1.26,78,152,47,23,0.048218029,0.098532495,0.266247379
Luis Severino ,126.9,130,9,0,3.78,1.21,53,117,37,20,0.051679587,0.095607235,0.335917313
Patrick Sandoval ,137.4,144,8,0,4.09,1.3,62,124,54,20,0.048192771,0.130120482,0.346987952
Zach Plesac ,162,128,9,0,4.56,1.27,82,163,42,28,0.057377049,0.086065574,0.262295082
Kyle Hendricks ,180.4,132,10,0,4.61,1.29,92,192,42,29,0.053308824,0.077205882,0.242647059
Huascar Ynoa ,130.3,133,8,0,4.05,1.27,59,121,45,19,0.048346056,0.114503817,0.338422392
Ranger Suarez ,152.5,141,10,0,3.89,1.27,66,141,52,18,0.039045553,0.112798265,0.305856833
Gregory Soto ,67.7,79,3,19,3.88,1.39,29,56,38,8,0.038461538,0.182692308,0.379807692
Jameson Taillon ,144,136,9,0,4.45,1.26,71,139,43,24,0.055045872,0.098623853,0.311926606
Steven Matz ,155.1,141,10,0,4.15,1.29,71,151,49,22,0.0472103,0.105150215,0.302575107
Paul Sewald ,65.9,89,4,8,3.67,1.15,27,53,23,10,0.049019608,0.112745098,0.43627451
Yusei Kikuchi ,154.9,151,9,0,4.27,1.31,73,148,56,22,0.04670913,0.118895966,0.32059448
Garrett Whitlock ,75,78,5,17,3.68,1.24,31,70,22,8,0.034782609,0.095652174,0.339130435
Zack Greinke ,158.1,125,9,0,4.31,1.24,76,161,36,25,0.052631579,0.075789474,0.263157895
Tanner Houck ,120.8,131,7,0,4.25,1.29,57,112,45,15,0.04076087,0.122282609,0.355978261
Matt Barnes ,62.8,88,4,15,3.7,1.26,26,51,28,8,0.041237113,0.144329897,0.453608247
Joe Ryan ,127.3,131,8,0,4,1.17,57,112,37,23,0.059895833,0.096354167,0.341145833
David Bednar ,64.1,77,3,19,3.45,1.19,25,53,23,8,0.041450777,0.119170984,0.398963731
Corey Knebel ,56.5,71,3,20,3.72,1.22,23,46,23,7,0.040462428,0.132947977,0.410404624
Jon Gray ,163.3,160,10,0,4.26,1.3,77,154,58,23,0.046747967,0.117886179,0.325203252
Taijuan Walker ,154.1,141,9,0,4.53,1.31,78,147,55,25,0.05399568,0.118790497,0.304535637
Chris Paddack ,89.7,85,6,0,4.11,1.21,41,87,21,14,0.051094891,0.076642336,0.310218978
Stephen Strasburg ,134.3,136,9,0,4.14,1.26,62,124,46,20,0.049382716,0.113580247,0.335802469
Corey Kluber ,128.6,124,8,0,4.18,1.3,60,121,46,19,0.048717949,0.117948718,0.317948718
Lucas Sims ,60.4,85,3,21,3.84,1.22,26,47,27,10,0.054347826,0.14673913,0.461956522
Cal Quantrill ,156.2,131,9,0,4.45,1.29,77,154,48,23,0.04893617,0.10212766,0.278723404
Devin Williams ,62.9,92,4,3,3.03,1.17,21,44,30,6,0.030769231,0.153846154,0.471794872
Brady Singer ,144.6,134,9,0,4.29,1.37,69,145,53,18,0.04109589,0.121004566,0.305936073
Tony Gonsolin ,117.2,121,7,0,4.42,1.34,58,106,50,21,0.059490085,0.141643059,0.342776204
Dane Dunning ,136.6,126,8,0,4.16,1.33,63,133,49,18,0.043478261,0.118357488,0.304347826
Cristian Javier ,101.4,123,6,0,4.37,1.24,49,79,47,17,0.055374593,0.153094463,0.400651466
Joe Barlow ,56.5,61,2,22,4.36,1.33,27,46,30,8,0.046242775,0.173410405,0.352601156
Andrew Kittredge ,68.6,73,4,16,3.3,1.12,25,60,17,8,0.038095238,0.080952381,0.347619048
Alex Cobb ,139.6,127,9,0,3.9,1.29,61,134,46,16,0.037825059,0.108747045,0.300236407
Josiah Gray ,136.5,135,7,0,4.76,1.32,72,128,51,26,0.062953995,0.123486683,0.326876513
Alex Reyes ,68.7,85,5,9,3.89,1.36,30,52,42,8,0.037914692,0.199052133,0.402843602
Dylan Floro ,64.1,57,4,18,3.8,1.29,27,60,22,7,0.03626943,0.113989637,0.295336788
Trevor Bauer ,111.2,131,9,0,3.54,1.17,44,93,37,17,0.050746269,0.110447761,0.391044776
Carlos Carrasco ,126.4,130,8,0,4.27,1.29,60,122,41,21,0.054973822,0.107329843,0.340314136
Adbert Alzolay ,127.5,124,7,0,4.42,1.29,63,120,44,22,0.056994819,0.113989637,0.321243523
Lou Trivino ,68.7,65,4,21,4.16,1.36,32,62,31,8,0.037914692,0.146919431,0.308056872
Andrew Heaney ,133.6,144,9,0,4.44,1.26,66,128,40,25,0.061728395,0.098765432,0.355555556
Zach Eflin ,123.6,109,7,0,4.33,1.29,59,129,30,20,0.053333333,0.08,0.290666667
James Kaprielian ,130.1,128,7,0,4.49,1.29,65,122,45,22,0.056265985,0.115089514,0.327365729
Bailey Ober ,133.4,133,8,0,4.23,1.21,63,128,34,23,0.05707196,0.084367246,0.330024814
Drew Rasmussen ,123.9,126,8,0,3.94,1.25,54,109,46,17,0.044973545,0.121693122,0.333333333
Kyle Gibson ,180,155,10,0,4.5,1.36,90,178,67,26,0.048148148,0.124074074,0.287037037
Aaron Ashby ,81.8,95,6,0,3.6,1.28,33,69,36,9,0.035856574,0.143426295,0.378486056
Jake McGee ,60.5,60,3,13,3.94,1.15,26,55,15,9,0.048648649,0.081081081,0.324324324
Diego Castillo ,60.8,69,3,8,3.76,1.2,25,50,23,8,0.042553191,0.122340426,0.367021277
Elieser Hernandez ,124,123,6,0,4.44,1.23,61,116,36,24,0.063829787,0.095744681,0.32712766
James Karinchak ,61.6,87,4,5,3.56,1.24,24,45,32,8,0.042328042,0.169312169,0.46031746
Marco Gonzales ,173.3,136,10,0,4.51,1.27,87,174,47,30,0.057471264,0.090038314,0.260536398
Madison Bumgarner ,168.1,137,8,0,4.97,1.31,93,173,48,32,0.063366337,0.095049505,0.271287129
Rowan Wick ,61,68,3,19,3.84,1.33,26,53,28,7,0.038043478,0.152173913,0.369565217
Patrick Corbin ,172.9,155,10,0,4.57,1.37,88,179,57,28,0.053333333,0.108571429,0.295238095
Eric Lauer ,125.5,120,7,0,4.39,1.31,61,118,46,20,0.052631579,0.121052632,0.315789474
Luis Patino ,110.2,115,6,0,4.31,1.31,53,100,44,18,0.054216867,0.13253012,0.346385542
Pierce Johnson ,60.3,73,4,14,3.82,1.26,26,50,26,8,0.043715847,0.142076503,0.398907104
Jesus Luzardo ,106.3,103,6,0,4.37,1.38,52,104,42,16,0.049844237,0.130841121,0.320872274
Dinelson Lamet ,56.7,71,3,5,3.67,1.21,23,47,22,7,0.04,0.125714286,0.405714286
Tylor Megill ,110,114,7,0,4.29,1.3,52,105,38,18,0.054545455,0.115151515,0.345454545
Jonathan Loaisiga ,69.5,73,5,3,3.43,1.19,26,62,21,8,0.037735849,0.099056604,0.344339623
Nestor Cortes,123.4,128,6,0,4.38,1.27,60,117,39,24,0.064343164,0.104557641,0.343163539
Chad Green ,71.5,87,5,2,3.63,1.08,29,58,19,11,0.050458716,0.087155963,0.399082569
Domingo German ,106.5,110,6,0,4.44,1.26,53,102,32,19,0.058823529,0.099071207,0.340557276
Brad Hand ,61.3,65,4,5,4.08,1.26,28,55,23,9,0.048387097,0.123655914,0.349462366
Chris Flexen ,169.2,132,9,0,4.44,1.32,83,177,47,25,0.049115914,0.092337917,0.259332024
Sixto Sanchez ,71.4,63,4,0,3.8,1.22,30,66,21,8,0.036866359,0.096774194,0.290322581
Drew Steckenrider ,66.7,61,3,13,4.09,1.22,30,60,21,10,0.048780488,0.102439024,0.297560976
Hector Neris ,70.3,87,4,4,3.84,1.24,30,58,29,10,0.046948357,0.136150235,0.408450704
Ken Giles ,49.8,59,2,8,3.73,1.2,21,43,17,7,0.04516129,0.109677419,0.380645161
Mike Minor ,161.5,146,9,0,4.56,1.3,82,161,49,26,0.053278689,0.100409836,0.299180328
Dustin May ,37.4,39,2,0,3.51,1.13,15,32,10,5,0.043478261,0.086956522,0.339130435
Kyle Finnegan ,66.6,68,4,21,4.25,1.44,31,65,31,9,0.044117647,0.151960784,0.333333333
Alex Colome ,62.6,55,3,8,4.2,1.36,29,62,23,8,0.041666667,0.119791667,0.286458333
Nick Pivetta ,153.7,161,9,0,4.72,1.36,81,147,62,25,0.053648069,0.13304721,0.345493562
Michael Pineda ,140.7,116,9,0,4.45,1.26,70,145,33,24,0.056206089,0.077283372,0.271662763
Tyler Rogers ,71.8,50,4,8,4.03,1.28,32,73,19,7,0.031674208,0.085972851,0.226244344
Wade Miley ,162.3,120,9,0,4.46,1.4,81,170,57,22,0.044989775,0.116564417,0.245398773
Tyler Glasnow ,45.7,63,4,0,3,1,15,31,15,1,0.007042254,0.105633803,0.443661972
Kenta Maeda ,13.4,14,1,0,4.38,1.31,7,13,5,2,0.046511628,0.11627907,0.325581395
Anthony Bender ,63.6,68,3,8,3.62,1.22,26,54,23,7,0.035897436,0.117948718,0.348717949
Pete Fairbanks ,60.1,75,4,8,3.52,1.27,23,51,25,7,0.038674033,0.138121547,0.414364641
Tyler Wells ,63.3,72,3,12,3.95,1.16,28,55,19,11,0.057291667,0.098958333,0.375
Michael Fulmer ,64.6,64,3,10,3.91,1.29,28,63,20,8,0.04040404,0.101010101,0.323232323
Adrian Houser ,141.6,109,8,0,4.5,1.42,71,142,58,17,0.03962704,0.135198135,0.254079254
Ian Kennedy ,61.2,66,3,11,4.31,1.24,29,56,20,12,0.064864865,0.108108108,0.356756757
Cole Sulser ,67.2,75,3,10,3.95,1.31,30,60,28,9,0.044334975,0.137931034,0.369458128
Tanner Rainey ,55,73,3,7,4.6,1.43,28,45,34,9,0.052941176,0.2,0.429411765
Merrill Kelly ,166.3,133,9,0,4.74,1.35,88,175,49,27,0.053892216,0.097804391,0.265469062
Dylan Bundy ,146.2,137,9,0,4.7,1.33,76,145,49,26,0.059090909,0.111363636,0.311363636
Richard Rodriguez ,64,58,3,5,3.8,1.13,27,58,14,9,0.045918367,0.071428571,0.295918367
Brusdar Graterol ,58.7,54,4,5,3.59,1.25,23,55,19,6,0.033149171,0.104972376,0.298342541
Collin McHugh ,63.3,69,4,3,3.67,1.14,26,54,18,8,0.041666667,0.09375,0.359375
Jake Odorizzi ,89.8,86,6,0,4.38,1.3,44,87,30,15,0.054545455,0.109090909,0.312727273
Carlos Estevez ,63.7,63,3,19,4.79,1.45,34,70,23,11,0.056122449,0.117346939,0.321428571
Hunter Greene ,92.4,94,6,0,4.71,1.36,48,89,37,16,0.057142857,0.132142857,0.335714286
Trevor May ,62.3,79,3,2,3.75,1.21,26,52,23,9,0.047619048,0.121693122,0.417989418
JT Brubaker ,139.5,132,8,0,4.47,1.31,69,136,46,22,0.052132701,0.109004739,0.312796209
Josh Staumont ,65.4,74,3,7,4.05,1.34,29,55,33,8,0.040201005,0.165829146,0.371859296
Nate Pearson ,79.5,86,5,0,4.32,1.31,38,69,35,13,0.053719008,0.144628099,0.355371901
Reid Detmers ,103.1,106,6,0,4.36,1.36,50,100,40,18,0.058064516,0.129032258,0.341935484
Carlos Hernandez ,123.3,109,6,0,4.68,1.39,64,119,53,19,0.051075269,0.142473118,0.293010753
Austin Gomber ,138.8,127,9,0,4.88,1.38,75,140,52,24,0.056872038,0.123222749,0.300947867
Edward Cabrera ,72.2,79,4,0,4.23,1.34,34,64,33,10,0.04587156,0.151376147,0.362385321
Garrett Crochet ,65.6,79,4,0,3.51,1.25,26,54,28,8,0.039800995,0.139303483,0.393034826
Cole Irvin ,165.2,118,10,0,4.65,1.33,85,179,41,26,0.052313883,0.08249497,0.237424547
Jake Diekman ,64.5,84,3,3,3.67,1.32,26,49,36,7,0.035532995,0.182741117,0.426395939
Griffin Canning ,52.6,54,3,0,4.51,1.33,26,50,20,9,0.055555556,0.12345679,0.333333333
Miles Mikolas ,127.9,90,7,0,4.32,1.26,61,132,29,20,0.051282051,0.074358974,0.230769231
Kendall Graveman ,60.1,62,3,1,3.75,1.24,25,53,22,7,0.038674033,0.121546961,0.342541436
Brent Suter ,68.7,62,5,1,4.06,1.28,31,68,20,10,0.047393365,0.09478673,0.293838863
Emilio Pagan ,60.3,66,3,7,4.34,1.19,29,53,19,11,0.06010929,0.103825137,0.360655738
Luke Weaver ,128.6,122,7,0,4.8,1.35,69,131,43,22,0.056410256,0.11025641,0.312820513
Jorge Alcala ,63.7,67,3,4,3.96,1.22,28,57,20,10,0.051020408,0.102040816,0.341836735
Tyler Anderson ,146,119,8,0,4.73,1.32,77,150,42,26,0.058558559,0.094594595,0.268018018
Ryan Yarbrough ,150.8,111,9,0,4.51,1.26,76,158,33,24,0.052401747,0.072052402,0.242358079
Aaron Bummer ,61.3,72,4,2,3.08,1.23,21,50,26,5,0.02688172,0.139784946,0.387096774
Tyler Matzek ,65.1,80,4,1,3.51,1.28,25,50,33,6,0.030612245,0.168367347,0.408163265
Seth Lugo ,63.4,70,4,2,3.87,1.21,27,58,19,10,0.051813472,0.098445596,0.362694301
Jose Alvarado ,59.6,74,3,6,3.86,1.45,26,48,38,6,0.032786885,0.207650273,0.404371585
Rich Hill ,106.2,94,6,0,4.88,1.36,58,106,39,18,0.05625,0.121875,0.29375
Trevor Rosenthal ,51.9,67,3,2,3.77,1.34,22,41,29,6,0.037037037,0.179012346,0.413580247
Yimi Garcia ,59.3,62,4,3,4.27,1.22,28,54,18,10,0.055555556,0.1,0.344444444
Andrew Chafin ,64.8,64,3,4,3.73,1.2,27,55,22,7,0.035,0.11,0.32
Chris Stratton ,68.5,68,3,9,4.58,1.38,35,67,27,9,0.043062201,0.129186603,0.325358852
Craig Stammen ,65.8,59,4,1,3.83,1.2,28,65,14,8,0.039408867,0.068965517,0.290640394
Matthew Boyd ,86.4,88,5,0,4.33,1.26,42,83,26,15,0.057251908,0.099236641,0.335877863
Reiver Sanmartin ,94.4,83,6,0,4.41,1.35,46,96,31,14,0.048951049,0.108391608,0.29020979
Roansy Contreras ,63,58,4,0,4.28,1.3,30,60,22,9,0.046875,0.114583333,0.302083333
Nick Martinez ,103.3,87,6,0,4.08,1.15,47,86,33,14,0.044871795,0.105769231,0.278846154
Dakota Hudson ,118.4,87,7,0,4.21,1.38,55,114,49,15,0.041899441,0.136871508,0.24301676
Amir Garrett ,56,70,3,6,4.4,1.4,27,49,29,9,0.051724138,0.166666667,0.402298851
Adam Ottavino ,63.4,75,4,4,4.05,1.38,28,53,34,7,0.03626943,0.176165803,0.388601036
A.J. Puk ,69.5,72,4,3,4.12,1.35,32,66,28,9,0.04245283,0.132075472,0.339622642
Luis Gil ,63.1,72,3,0,4.51,1.4,32,55,34,11,0.057894737,0.178947368,0.378947368
Mike Mayers ,65.8,75,3,2,4.1,1.27,30,60,23,10,0.049261084,0.113300493,0.369458128
Danny Duffy ,93.4,97,6,0,4.23,1.28,44,86,34,16,0.056537102,0.120141343,0.342756184
Jose Suarez ,127.5,113,8,0,4.64,1.39,66,128,49,21,0.054404145,0.126943005,0.292746114
Daniel Hudson ,56.9,70,4,4,3.93,1.2,25,47,21,9,0.050847458,0.118644068,0.395480226
Brad Keller ,152.6,124,9,0,4.52,1.44,77,157,64,18,0.038961039,0.138528139,0.268398268
Matt Wisler ,58.4,67,3,2,3.85,1.19,25,51,18,9,0.050561798,0.101123596,0.376404494
Rafael Montero ,44.9,42,2,3,4.17,1.33,21,45,15,6,0.042553191,0.106382979,0.29787234
Kris Bubic ,134.8,118,7,0,4.7,1.43,70,134,58,20,0.048780488,0.141463415,0.287804878
Drew Smyly ,120.6,114,6,0,4.82,1.37,65,122,43,23,0.06284153,0.117486339,0.31147541
David Price ,97.6,88,6,0,4.28,1.33,46,97,32,15,0.050505051,0.107744108,0.296296296
Aaron Loup ,59.4,59,4,1,3.63,1.21,24,53,18,7,0.038674033,0.099447514,0.325966851
Antonio Senzatela ,166.1,110,8,0,4.96,1.42,91,190,46,23,0.046092184,0.092184369,0.220440882
Jordan Hicks ,54.7,56,3,3,3.77,1.36,23,47,28,6,0.035502959,0.165680473,0.331360947
Daniel Lynch ,73,58,4,0,4.96,1.47,40,78,29,11,0.04954955,0.130630631,0.261261261
Tim Mayza ,58.9,62,4,2,3.67,1.25,24,53,21,7,0.038251366,0.114754098,0.338797814
Jose Quintana ,128.5,122,7,0,4.4,1.36,63,126,50,19,0.048843188,0.128534704,0.313624679
Zach Thompson ,135.2,113,7,0,4.74,1.37,71,135,51,21,0.051597052,0.125307125,0.277641278
Dallas Keuchel ,160.1,105,9,0,4.76,1.45,85,175,57,22,0.045738046,0.118503119,0.218295218
Lucas Luetge ,53,53,3,0,3.87,1.23,23,51,15,7,0.043209877,0.092592593,0.327160494
Daniel Bard ,62.5,68,4,8,4.61,1.47,32,61,31,9,0.047120419,0.162303665,0.356020942
Kwang Hyun,100.9,76,6,3,4.34,1.3,49,96,35,15,0.048543689,0.113268608,0.245954693
J.P. Feyereisen ,57.2,60,3,2,4.31,1.38,27,50,29,8,0.046242775,0.167630058,0.346820809
Andres Munoz ,43.4,56,3,1,3.8,1.3,18,35,21,6,0.045112782,0.157894737,0.421052632
Ryan Tepera ,63,71,3,1,3.83,1.22,27,52,25,9,0.046875,0.130208333,0.369791667
Joe Ross ,87.4,80,5,0,4.63,1.35,45,88,30,14,0.052830189,0.113207547,0.301886792
Art Warren ,49.2,66,3,2,3.6,1.21,20,39,21,6,0.040268456,0.140939597,0.44295302
Grayson Rodriguez ,64,66,4,0,4.34,1.27,31,58,24,10,0.051020408,0.12244898,0.336734694
Nick Anderson ,15.9,18,1,1,3.73,1.14,7,14,5,3,0.055555556,0.092592593,0.333333333
Mike Soroka ,82.1,65,6,0,4.2,1.31,38,84,24,10,0.04048583,0.097165992,0.263157895
Chris Martin ,50.2,44,3,3,3.91,1.21,22,50,10,7,0.046052632,0.065789474,0.289473684
Codi Heuer ,66.3,58,4,11,4.04,1.31,30,65,22,8,0.039800995,0.109452736,0.288557214
Genesis Cabrera ,65.3,72,4,1,3.85,1.32,28,55,31,8,0.04040404,0.156565657,0.363636364
Caleb Thielbar ,63.9,71,4,1,3.92,1.24,28,58,21,9,0.045454545,0.106060606,0.358585859
Alex Vesia ,55.9,71,3,2,3.95,1.26,25,44,26,9,0.051724138,0.149425287,0.408045977
David Peterson ,79.1,73,4,0,4.27,1.36,38,75,33,11,0.046218487,0.138655462,0.306722689
Tyler Duffey ,65.1,68,3,4,4.02,1.29,29,60,24,9,0.045918367,0.12244898,0.346938776
A.J. Minter ,58.8,66,4,1,3.64,1.27,24,52,23,7,0.038461538,0.126373626,0.362637363
Robert Suarez ,51.8,58,2,7,4.06,1.39,23,52,20,7,0.043478261,0.124223602,0.360248447
Tejay Antone ,20.7,22,1,3,3.41,1.01,8,13,8,1,0.014925373,0.119402985,0.328358209
Colin Poche ,44.1,56,3,0,3.68,1.18,18,35,17,6,0.045112782,0.127819549,0.421052632
Drew Pomeranz ,39.6,47,2,5,3.24,1.2,14,31,17,5,0.040650407,0.138211382,0.382113821
Glenn Otto ,76.9,76,5,0,4.33,1.34,37,73,30,12,0.050632911,0.126582278,0.320675105
Johnny Cueto ,128.4,105,7,0,4.75,1.37,68,135,40,22,0.056701031,0.103092784,0.270618557
Paolo Espino ,79.2,65,4,0,5.09,1.36,45,85,23,15,0.062761506,0.09623431,0.271966527
Greg Holland ,54.5,55,3,3,4.27,1.38,26,49,26,8,0.047904192,0.155688623,0.329341317
Cesar Valdez ,41.5,37,2,8,4.01,1.36,19,45,12,4,0.03125,0.09375,0.2890625
Tanner Scott ,58.9,72,4,4,3.77,1.38,25,50,32,6,0.032786885,0.174863388,0.393442623
Jake Cousins ,54.9,67,3,0,3.61,1.24,22,44,24,7,0.040935673,0.140350877,0.391812865
Caleb Smith ,71.1,76,3,2,4.84,1.38,38,65,33,13,0.060747664,0.154205607,0.355140187
Michael Wacha ,123.4,113,7,0,4.9,1.38,67,133,37,21,0.056300268,0.09919571,0.302949062
Mitch Keller ,120,108,6,0,4.69,1.47,62,125,52,17,0.047222222,0.144444444,0.3
Kyle Freeland ,150.7,117,8,0,5.06,1.46,85,167,53,24,0.052516411,0.115973742,0.256017505
Cody Morris ,57.7,61,3,0,4.03,1.26,26,52,21,8,0.04494382,0.117977528,0.342696629
Nick Lodolo ,36.4,38,2,0,4.35,1.29,18,35,12,6,0.053571429,0.107142857,0.339285714
Reynaldo Lopez ,64.2,63,4,0,4.51,1.3,32,62,22,11,0.056701031,0.113402062,0.324742268
Jarlin Garcia ,61.9,56,4,0,4,1.22,28,55,20,8,0.041666667,0.104166667,0.291666667
Adam Cimber ,66.3,48,4,2,4.1,1.3,30,68,19,8,0.039800995,0.094527363,0.23880597
Yonny Chirinos ,96.1,82,5,0,4.17,1.24,45,93,26,14,0.048442907,0.089965398,0.283737024
Tyler Alexander ,120.1,99,5,0,4.71,1.34,63,124,36,21,0.058171745,0.099722992,0.274238227
J.B. Bukauskas ,45.7,44,2,0,4.68,1.5,24,45,24,6,0.042253521,0.169014085,0.309859155
Clay Holmes ,61.4,65,4,1,3.99,1.38,27,54,31,6,0.032085561,0.165775401,0.347593583
Austin Adams ,45.5,60,2,0,3.81,1.3,19,35,24,5,0.035714286,0.171428571,0.428571429
Trevor Richards ,60.2,66,4,1,4.14,1.26,28,54,21,10,0.054945055,0.115384615,0.362637363
JT Chargois ,59.7,62,4,2,3.8,1.25,25,51,24,7,0.038043478,0.130434783,0.336956522
Michael Lorenzen ,101.8,86,5,0,4.57,1.42,52,101,43,15,0.048231511,0.138263666,0.276527331
J.B. Wendelken ,55.8,53,3,1,4.47,1.4,28,54,24,8,0.046242775,0.138728324,0.306358382
Brad Boxberger ,63.7,74,4,1,4.18,1.28,30,52,29,9,0.045918367,0.147959184,0.37755102
Vladimir Gutierrez ,119.8,97,6,0,5.55,1.47,74,129,47,25,0.068493151,0.128767123,0.265753425
Luke Jackson ,65,70,3,1,3.89,1.35,28,60,28,8,0.04,0.14,0.35
Paul Fry ,49.6,54,3,1,4.17,1.44,23,44,27,6,0.039215686,0.176470588,0.352941176
Darwinzon Hernandez ,47.4,63,3,0,4.1,1.46,22,38,31,6,0.04137931,0.213793103,0.434482759
Archie Bradley ,58,51,4,1,4.28,1.38,28,57,23,8,0.043956044,0.126373626,0.28021978
Phil Maton ,63,72,3,0,3.96,1.31,28,57,26,8,0.041666667,0.135416667,0.375
Heath Hembree ,56.8,69,3,2,4.52,1.28,29,49,24,10,0.056818182,0.136363636,0.392045455
Justin Dunn ,84.3,81,4,0,4.95,1.41,46,77,42,14,0.054901961,0.164705882,0.317647059
Richard Bleier ,61.3,45,3,1,3.57,1.21,24,62,12,6,0.032258065,0.064516129,0.241935484
David Robertson ,53.1,58,3,0,3.59,1.22,21,45,20,7,0.04375,0.125,0.3625
Robert Stephenson ,59.7,66,3,3,4.7,1.37,31,57,25,11,0.059782609,0.135869565,0.358695652
Phil Bickford ,52.9,60,3,0,3.92,1.23,23,46,19,7,0.042424242,0.115151515,0.363636364
Mychal Givens ,60.8,69,3,2,4.3,1.31,29,52,28,10,0.053191489,0.14893617,0.367021277
Ross Stripling ,104.2,95,6,0,4.68,1.33,54,107,32,20,0.063694268,0.101910828,0.302547771
Justus Sheffield ,57.2,51,3,0,4.56,1.48,29,59,26,7,0.040462428,0.150289017,0.294797688
Ryan Thompson ,49.8,49,3,1,3.68,1.23,20,46,15,6,0.038709677,0.096774194,0.316129032
Brooks Raley ,48.5,54,3,1,3.78,1.26,20,43,18,6,0.040268456,0.120805369,0.362416107
Max Meyer ,30.7,27,2,0,4.33,1.39,15,30,13,4,0.041237113,0.134020619,0.278350515
Matt Manning ,127.8,97,7,0,4.78,1.41,68,136,45,20,0.051413882,0.115681234,0.249357326
Brad Wieck ,54.9,72,3,1,3.95,1.29,24,44,26,7,0.040935673,0.152046784,0.421052632
Julian Merryweather ,45.8,47,2,1,4.3,1.32,22,44,16,7,0.048951049,0.111888112,0.328671329
George Kirby ,27.7,24,2,0,4.31,1.32,13,28,9,4,0.045454545,0.102272727,0.272727273
Kyle Funkhouser ,65.8,61,3,1,4.54,1.5,33,63,35,8,0.039408867,0.172413793,0.300492611
Joely Rodriguez ,52.7,55,3,1,3.66,1.32,21,49,20,6,0.036809816,0.122699387,0.337423313
James Paxton ,45.5,49,3,0,4.43,1.29,22,43,16,7,0.05,0.114285714,0.35
Bryan Garcia ,39.9,31,2,2,5.29,1.56,23,43,19,7,0.055555556,0.150793651,0.246031746
Joe Kelly ,56,61,3,0,3.48,1.27,22,47,24,5,0.028735632,0.137931034,0.350574713
Matt Brash ,67.3,70,3,0,4.33,1.36,32,61,31,10,0.049019608,0.151960784,0.343137255
Tommy Kahnle ,47,59,3,0,3.59,1.21,19,39,18,7,0.047297297,0.121621622,0.398648649
Spencer Howard ,100.3,97,5,0,4.8,1.38,53,97,42,16,0.052805281,0.138613861,0.320132013
Tony Santillan ,58,65,3,1,4.57,1.37,29,53,26,10,0.054945055,0.142857143,0.357142857
Caleb Ferguson ,42.7,54,3,0,3.51,1.22,17,35,17,6,0.045112782,0.127819549,0.406015038
Ryne Stanek ,68.2,82,4,1,4.17,1.33,32,57,34,11,0.053398058,0.165048544,0.398058252
Jordan Lyles ,161.8,132,7,0,5.36,1.43,96,174,57,34,0.069246436,0.116089613,0.268839104
Casey Sadler ,55.1,53,3,0,3.9,1.25,24,51,18,8,0.048192771,0.108433735,0.319277108
Tyler Beede ,77.4,70,4,0,5.14,1.55,44,78,42,11,0.046808511,0.178723404,0.29787234
Jeffrey Springs ,34.3,43,2,1,3.66,1.24,14,29,13,5,0.047619048,0.123809524,0.40952381
Hansel Robles ,62.8,67,3,1,4.34,1.35,30,58,27,9,0.046391753,0.139175258,0.345360825
Ryan Weathers ,56.7,44,3,0,4.73,1.38,30,59,19,8,0.045714286,0.108571429,0.251428571
Dean Kremer ,66.2,57,4,0,5.16,1.44,38,69,26,13,0.065,0.13,0.285
Deivi Garcia ,21.4,19,1,0,5.55,1.48,13,22,9,5,0.074626866,0.134328358,0.28358209
Cade Cavalli ,47.5,45,3,0,4.93,1.48,26,47,24,7,0.047945205,0.164383562,0.308219178
John King ,56.1,48,3,0,3.85,1.29,24,56,17,7,0.041420118,0.100591716,0.284023669
Sean Newcomb ,38.2,42,2,0,4.13,1.38,18,34,18,5,0.043103448,0.155172414,0.362068966
Jake Brentz ,57.9,66,3,2,4.18,1.42,27,50,32,7,0.038888889,0.177777778,0.366666667
Keegan Akin ,112.2,100,6,0,4.93,1.44,61,116,46,20,0.059171598,0.136094675,0.295857988
J.A. Happ ,135.4,110,7,0,4.95,1.37,74,142,44,24,0.058679707,0.107579462,0.268948655
Josh Sborz ,59.8,68,3,2,4.19,1.35,28,54,27,9,0.048648649,0.145945946,0.367567568
Connor Brogdon ,59.3,59,3,2,4.17,1.27,28,54,22,9,0.05,0.122222222,0.327777778
Jose Leclerc ,33.3,43,2,0,3.76,1.28,14,26,16,4,0.039215686,0.156862745,0.421568627
Alec Mills ,110.6,80,6,0,4.71,1.39,58,119,34,18,0.053571429,0.101190476,0.238095238
Brendan McKay ,18.7,21,1,0,3.83,1.22,8,17,6,3,0.049180328,0.098360656,0.344262295
Kohei Arihara ,27,17,1,0,7,1.57,21,32,11,8,0.090909091,0.125,0.193181818
Taylor Hearn ,127.3,114,7,0,4.9,1.41,69,125,54,23,0.059895833,0.140625,0.296875
Trevor Williams ,84.1,75,4,0,4.44,1.34,41,86,26,13,0.051383399,0.102766798,0.296442688
Nick Sandlin ,56,68,3,1,3.71,1.29,23,45,27,7,0.040229885,0.155172414,0.390804598
Chris Archer ,88.8,90,5,0,4.66,1.36,46,86,35,17,0.0625,0.128676471,0.330882353
Tucker Davidson ,68.7,64,4,0,4.47,1.41,34,66,31,9,0.042654028,0.146919431,0.303317536
Kolby Allard ,89.1,75,4,0,4.82,1.36,48,92,29,15,0.055970149,0.108208955,0.279850746
Tim Hill ,56.3,53,4,1,3.92,1.29,25,53,20,7,0.040935673,0.116959064,0.30994152
Spencer Turnbull ,23.8,22,2,0,3.44,1.28,9,21,9,1,0.012987013,0.116883117,0.285714286
MacKenzie Gore ,41.4,39,2,0,4.52,1.39,21,39,18,6,0.047244094,0.141732283,0.307086614
Adrian Morejon ,25,28,2,0,3.8,1.26,11,22,10,3,0.0375,0.125,0.35
Anthony Bass ,62.2,57,3,3,4.23,1.33,29,59,24,9,0.04787234,0.127659574,0.303191489
Steven Okert ,49.8,54,3,0,4.01,1.24,22,44,18,8,0.051612903,0.116129032,0.348387097
Domingo Acevedo ,57.9,61,3,0,4.15,1.26,27,53,20,9,0.05,0.111111111,0.338888889
Martin Perez ,103.7,83,6,0,4.85,1.45,56,112,38,16,0.050632911,0.120253165,0.262658228
Tony Watson ,58.6,50,4,0,4.03,1.22,26,54,18,7,0.038888889,0.1,0.277777778
Miguel Castro ,62.9,70,3,1,4.01,1.38,28,54,33,7,0.035897436,0.169230769,0.358974359
A.J. Alexy ,108.5,98,6,0,5.02,1.46,61,104,55,17,0.051671733,0.167173252,0.29787234
Kyle Muller ,40,38,3,0,4.67,1.46,21,37,21,6,0.05,0.175,0.316666667
Jay Jackson ,48.8,59,3,0,4.17,1.31,23,42,22,8,0.052631579,0.144736842,0.388157895
Erick Fedde ,124.4,102,7,0,4.91,1.43,68,132,47,20,0.053191489,0.125,0.271276596
Eli Morgan ,74,67,3,0,4.9,1.31,40,75,22,14,0.061946903,0.097345133,0.296460177
Zach Davies ,133.7,99,7,0,5.09,1.48,76,142,55,21,0.051724138,0.13546798,0.243842365
Daniel Ponce,20,20,1,0,4.57,1.46,10,18,11,3,0.05,0.183333333,0.333333333
Sammy Long ,88.5,81,5,0,4.44,1.36,44,86,34,13,0.048327138,0.126394052,0.301115242
Daulton Jefferies ,90,72,5,0,3.92,1.29,39,94,22,13,0.048148148,0.081481481,0.266666667
Tobias Myers ,42.2,40,2,0,4.47,1.3,21,41,14,7,0.0546875,0.109375,0.3125
Spencer Strider ,35.1,39,2,0,4.35,1.32,17,31,15,5,0.047169811,0.141509434,0.367924528
Justin Steele ,97.7,94,5,0,4.57,1.42,50,93,46,14,0.046979866,0.154362416,0.315436242
Kervin Castro ,55.1,53,3,0,4.26,1.37,26,52,23,7,0.042168675,0.138554217,0.319277108
Brent Honeywell,56.3,47,3,0,4.65,1.35,29,57,19,9,0.052631579,0.111111111,0.274853801
Dylan Coleman ,51.8,58,3,0,3.91,1.32,23,46,22,6,0.037267081,0.136645963,0.360248447
Bailey Falter ,56.9,55,3,0,4.09,1.24,26,55,15,9,0.050847458,0.084745763,0.310734463
Deolis Guerra ,65.9,63,3,4,4.15,1.25,30,61,21,10,0.049019608,0.102941176,0.308823529
Garrett Richards ,100.7,86,5,1,4.75,1.45,53,106,40,15,0.048859935,0.13029316,0.280130293
Dominic Leone ,57.9,61,3,1,4.11,1.34,26,52,25,8,0.044444444,0.138888889,0.338888889
Mike Foltynewicz ,115.5,89,6,0,5.23,1.37,67,121,37,22,0.062857143,0.105714286,0.254285714
Brandon Williamson ,30.7,32,2,0,4.28,1.31,15,28,12,5,0.051546392,0.12371134,0.329896907
Michael King ,60.7,59,4,0,4.11,1.28,28,58,20,8,0.042780749,0.106951872,0.315508021
Luis Cessa ,66.2,58,3,3,4.27,1.33,31,66,23,9,0.045,0.115,0.29
Kirby Yates ,31.1,39,2,2,3.66,1.16,13,26,10,4,0.042553191,0.106382979,0.414893617
Touki Toussaint ,56.7,58,3,0,4.67,1.42,29,53,28,8,0.045714286,0.16,0.331428571
Jesse Chavez ,50.6,47,3,0,4.17,1.29,23,49,16,8,0.051282051,0.102564103,0.301282051
Matt Liberatore ,44.8,36,3,0,4.48,1.34,22,45,15,7,0.05,0.107142857,0.257142857
Mitch White ,40.2,40,2,0,4.13,1.29,18,38,14,6,0.049180328,0.114754098,0.327868852
Jose Quijada ,51.6,62,3,0,4.06,1.34,23,44,25,7,0.044025157,0.157232704,0.389937107
Jhonathan Diaz ,25.9,23,1,0,4.33,1.36,12,25,10,3,0.035714286,0.119047619,0.273809524
Josh Taylor ,54.2,64,3,0,3.92,1.33,24,49,23,7,0.042682927,0.140243902,0.390243902
Jeurys Familia ,61.1,63,3,0,4.36,1.42,30,57,30,8,0.043478261,0.163043478,0.342391304
Ben Leeper ,28.7,31,2,0,4.32,1.34,14,27,12,4,0.043956044,0.131868132,0.340659341
Chad Kuhl ,83.3,80,4,0,4.84,1.44,45,80,40,13,0.051587302,0.158730159,0.317460317
Jackson Kowar ,51.2,48,3,0,4.8,1.41,27,51,22,7,0.04516129,0.141935484,0.309677419
Tyler Clippard ,53.7,51,2,2,4.58,1.28,27,50,18,11,0.06626506,0.108433735,0.307228916
Sam Coonrod ,52.7,55,3,2,3.98,1.31,23,48,21,7,0.042944785,0.128834356,0.337423313
Kyle Wright ,42,37,2,0,4.53,1.39,21,41,17,6,0.046875,0.1328125,0.2890625
Brett Martin ,61.6,49,3,2,4.02,1.36,27,65,19,7,0.037037037,0.100529101,0.259259259
Konnor Pilkington ,24.1,24,1,0,4.33,1.38,12,23,10,4,0.054794521,0.136986301,0.328767123
Spencer Patton ,57.4,60,3,3,4.34,1.36,28,54,24,9,0.051428571,0.137142857,0.342857143
Keone Kela ,29.3,33,2,1,3.91,1.23,13,25,11,5,0.055555556,0.122222222,0.366666667
Scott Effross ,50.2,45,3,1,4.42,1.32,25,51,15,8,0.052631579,0.098684211,0.296052632
Jorge Lopez ,55.4,52,3,1,4.59,1.4,28,57,20,8,0.047337278,0.118343195,0.307692308
Nick Wittgren ,55,54,3,0,4.38,1.28,27,53,17,9,0.052941176,0.1,0.317647059
Josh Fleming ,67.3,46,4,0,4.21,1.33,31,71,19,8,0.039215686,0.093137255,0.225490196
Jose Cisnero ,59.7,61,3,1,4.15,1.39,27,55,28,8,0.043478261,0.152173913,0.331521739
Zack Littell ,54.7,54,3,0,4.18,1.33,25,51,22,7,0.041420118,0.130177515,0.319526627
Anthony Misiewicz ,54.5,53,3,1,4.13,1.3,25,55,16,8,0.047904192,0.095808383,0.317365269
Edgar Santana ,29,23,2,0,4.03,1.2,13,27,8,4,0.041666667,0.083333333,0.239583333
Dillon Peters ,93.5,80,5,0,4.66,1.39,48,97,33,15,0.052816901,0.116197183,0.281690141
Cody Poteet ,18.4,17,1,0,4.63,1.32,9,17,7,2,0.034482759,0.120689655,0.293103448
Tommy Romero ,14.4,15,1,0,4.29,1.26,7,13,5,2,0.043478261,0.108695652,0.326086957
Brock Burke ,23.2,22,1,0,4.33,1.33,11,22,9,3,0.042253521,0.126760563,0.309859155
Hoby Milner ,29.2,33,1,0,3.88,1.19,13,27,8,5,0.056179775,0.08988764,0.370786517
Matt Strahm ,38.9,37,2,0,4.13,1.22,18,38,10,7,0.056910569,0.081300813,0.300813008
Wily Peralta ,114.2,83,5,0,4.92,1.48,62,119,49,18,0.052325581,0.14244186,0.24127907
Randy Dobnak ,122,76,8,0,4.65,1.42,63,136,37,17,0.046195652,0.100543478,0.206521739
Adam Oller ,28.9,27,1,0,4.66,1.39,15,29,12,5,0.053763441,0.129032258,0.290322581
Jakob Junis ,69.1,62,4,0,4.78,1.35,37,72,22,13,0.0625,0.105769231,0.298076923
Hunter Strickland ,57.8,55,3,0,4.49,1.33,29,54,22,9,0.05027933,0.122905028,0.30726257
Alex Faedo ,35.5,33,2,0,4.99,1.35,20,36,12,7,0.063636364,0.109090909,0.3
Brett Anderson ,91.8,54,5,0,4.61,1.41,47,102,28,12,0.042704626,0.099644128,0.192170819
Jhoan Duran ,24.8,25,1,0,4.16,1.39,11,23,11,3,0.0375,0.1375,0.3125
Adam Morgan ,52.4,54,3,1,4.19,1.31,24,48,21,7,0.04375,0.13125,0.3375
Joey Lucchesi ,26,25,2,0,3.98,1.25,12,24,9,3,0.035714286,0.107142857,0.297619048
Sean Doolittle ,51.4,53,3,2,4.39,1.3,25,49,18,9,0.057324841,0.114649682,0.337579618
Yusmeiro Petit ,72,47,4,1,4.63,1.23,37,74,15,13,0.059633028,0.068807339,0.21559633
Angel Zerpa ,18.2,15,1,0,4.53,1.36,9,18,6,3,0.053571429,0.107142857,0.267857143
John Brebbia ,40.3,45,2,0,4.18,1.26,19,37,14,6,0.048780488,0.113821138,0.365853659
Daniel Norris ,54.8,54,3,0,4.27,1.34,26,53,21,8,0.047058824,0.123529412,0.317647059
Shawn Armstrong ,37,43,3,0,4.26,1.36,18,36,14,7,0.059322034,0.118644068,0.36440678
Braxton Garrett ,24.6,21,1,0,4.5,1.42,12,24,11,4,0.051282051,0.141025641,0.269230769
Keegan Thompson ,75.2,70,4,1,4.88,1.44,41,74,34,13,0.057268722,0.149779736,0.308370044
Seranthony Dominguez ,47.9,48,3,4,4.41,1.36,23,44,21,6,0.04,0.14,0.32
Wandy Peralta ,54.9,50,3,0,4.23,1.39,26,54,22,7,0.040935673,0.128654971,0.292397661
Danny Coulombe ,41.7,42,3,0,3.8,1.31,18,41,13,6,0.046153846,0.1,0.323076923
Logan Gillaspie ,15.1,12,1,0,4.69,1.43,8,16,6,3,0.065217391,0.130434783,0.260869565
Ryan Brasier ,56.5,53,3,2,4.59,1.36,29,57,21,10,0.057803468,0.121387283,0.306358382
John Gant ,57.5,50,4,0,4.31,1.43,28,49,33,1,0.005681818,0.1875,0.284090909
Pedro Avila ,12,11,1,0,4.13,1.38,6,12,5,2,0.052631579,0.131578947,0.289473684
Austin Warren ,54.1,54,3,1,4.08,1.36,25,51,22,7,0.042944785,0.134969325,0.331288344
Jose Ruiz ,56.7,56,3,0,4.31,1.37,27,53,24,9,0.051428571,0.137142857,0.32
Steve Cishek ,67.4,60,3,0,4.34,1.44,32,64,34,8,0.03902439,0.165853659,0.292682927
Alan Rangel ,16.7,15,1,0,4.72,1.39,9,17,6,3,0.054545455,0.109090909,0.272727273
Bruce Zimmermann ,115.6,97,6,0,5.01,1.44,64,123,44,20,0.056980057,0.125356125,0.276353276
Zach Logue ,19.8,17,1,0,4.95,1.35,11,20,6,4,0.061538462,0.092307692,0.261538462
Tyler Gilbert ,73.2,55,4,0,5.03,1.41,41,77,27,13,0.058823529,0.122171946,0.248868778
Grant Holmes ,42.6,38,2,0,4.65,1.46,22,43,19,6,0.045454545,0.143939394,0.287878788
Simeon Woods-Richardson ,18.3,18,1,0,4.58,1.4,9,18,8,3,0.052631579,0.140350877,0.315789474
Blake Parker ,47.9,46,2,0,4.32,1.33,23,45,18,8,0.053333333,0.12,0.306666667
Dedniel Nunez ,11.1,10,1,0,3.83,1.33,5,11,4,1,0.029411765,0.117647059,0.294117647
Steven Brault ,101.5,81,5,0,4.93,1.49,56,104,47,17,0.055194805,0.152597403,0.262987013
Tyler Ivey ,17.3,18,1,0,4.33,1.35,8,16,7,2,0.037037037,0.12962963,0.333333333
Vince Velasquez ,83.5,85,4,0,4.99,1.39,46,80,36,15,0.059055118,0.141732283,0.334645669
Joe Jimenez ,50.4,58,3,0,4.59,1.36,26,45,24,8,0.051948052,0.155844156,0.376623377
Kutter Crawford ,26.3,27,2,0,4.62,1.35,13,26,10,4,0.049382716,0.12345679,0.333333333
Scott Moss ,14.2,15,1,0,5.06,1.45,8,14,7,3,0.068181818,0.159090909,0.340909091
Ryan Helsley ,54.1,53,3,0,4.4,1.4,27,49,27,8,0.049079755,0.165644172,0.325153374
Daniel Castano ,13.3,9,1,0,4.42,1.36,7,14,4,2,0.047619048,0.095238095,0.214285714
Sergio Romo ,61.2,58,2,1,4.6,1.32,31,59,22,10,0.054054054,0.118918919,0.313513514
Reiss Knehr ,22.3,16,1,0,4.84,1.4,12,20,11,3,0.043478261,0.15942029,0.231884058
Will Harris ,50.2,50,3,1,4.12,1.31,23,48,18,7,0.046052632,0.118421053,0.328947368
Miguel Yajure ,38.7,31,2,0,4.64,1.37,20,39,14,6,0.049586777,0.115702479,0.256198347
Cole Hamels ,56.9,51,3,0,4.61,1.38,29,56,22,9,0.050847458,0.124293785,0.288135593
Thomas Hatch ,33.6,30,2,0,4.77,1.38,18,34,13,6,0.057142857,0.123809524,0.285714286
Erik Swanson ,37.5,38,2,0,4.45,1.25,19,35,11,7,0.060344828,0.094827586,0.327586207
Drew Smith ,53.7,53,3,0,4.33,1.29,26,49,20,9,0.054216867,0.120481928,0.319277108
Rafael Dolis ,48.5,52,3,1,4.42,1.49,24,43,29,6,0.040268456,0.194630872,0.348993289
Kohl Stewart ,23,18,1,0,4.7,1.43,12,23,10,3,0.041666667,0.138888889,0.25
Jonathan Hernandez ,34.6,34,2,0,4.39,1.39,17,33,15,5,0.046296296,0.138888889,0.314814815
Demarcus Evans ,40.4,47,2,1,4.48,1.44,20,35,23,7,0.056451613,0.185483871,0.379032258
Anthony Kay ,19.3,19,1,0,4.7,1.47,10,19,9,3,0.05,0.15,0.316666667
Grant Dayton ,16.5,19,1,0,4.36,1.3,8,16,6,4,0.075471698,0.113207547,0.358490566
Nick Margevicius ,30.1,26,1,0,4.61,1.36,15,31,10,5,0.054945055,0.10989011,0.285714286
Derek Holland ,59.5,61,2,0,4.65,1.38,31,57,25,10,0.054945055,0.137362637,0.335164835
Dylan File ,18.2,14,1,0,4.94,1.37,10,19,5,3,0.053571429,0.089285714,0.25
Dillon Tate ,60.4,49,3,1,4.31,1.33,29,60,21,8,0.043478261,0.114130435,0.266304348
Cody Stashak ,40,45,2,1,4.3,1.26,19,38,13,7,0.058333333,0.108333333,0.375
Peter Solomon ,16.5,16,1,0,4.31,1.34,8,15,7,3,0.056603774,0.132075472,0.301886792
Garrett Schilling ,14.6,11,0,0,6.59,1.56,11,17,6,3,0.0625,0.125,0.229166667
Jeff Hoffman ,66.1,72,3,1,4.77,1.42,35,63,31,11,0.055276382,0.155778894,0.361809045
Austin Voth ,59,57,3,1,4.81,1.39,32,60,22,11,0.059139785,0.11827957,0.306451613
Oliver Drake ,40.9,42,2,0,4.12,1.27,19,37,15,5,0.03875969,0.11627907,0.325581395
Wander Suero ,41.1,42,3,0,4.36,1.31,20,39,15,6,0.048387097,0.120967742,0.338709677
Forrest Whitley ,14.2,15,1,0,5.13,1.54,8,14,8,3,0.068181818,0.181818182,0.340909091
Miguel Romero ,25,19,1,0,4.92,1.48,14,26,11,4,0.05,0.1375,0.2375
Jacob Webb ,52.1,52,4,0,4.48,1.37,26,50,21,8,0.050955414,0.133757962,0.331210191
Cooper Criswell ,7.5,6,1,0,4.8,1.37,4,8,2,2,0.076923077,0.076923077,0.230769231
D.L. Hall ,24.2,26,1,0,4.83,1.5,13,22,14,4,0.054054054,0.189189189,0.351351351
Sean Reid-Foley ,41.3,46,2,0,4.36,1.43,20,37,22,6,0.047619048,0.174603175,0.365079365
Ryne Nelson ,21.2,22,1,0,5.2,1.5,12,22,9,4,0.061538462,0.138461538,0.338461538
Sam Hentges ,61.9,60,3,0,4.65,1.49,32,64,28,9,0.046875,0.145833333,0.3125
Elvin Rodriguez ,15.1,13,1,0,5.18,1.41,9,15,6,3,0.065217391,0.130434783,0.282608696
Hirokazu Sawamura ,54.2,60,3,0,4.5,1.44,27,50,28,8,0.048780488,0.170731707,0.365853659
Jharel Cotton ,46.6,47,2,0,4.52,1.41,23,45,21,8,0.055555556,0.145833333,0.326388889
Matt Harvey ,63,48,3,0,5.22,1.42,36,70,20,11,0.057291667,0.104166667,0.25
T.J. McFarland ,51,33,3,0,4.22,1.38,24,55,16,6,0.038961039,0.103896104,0.214285714
Brian Howard ,15.1,12,1,0,5.04,1.43,8,16,6,3,0.065217391,0.130434783,0.260869565
Trevor Gott ,46.6,48,3,0,4.53,1.36,23,44,19,7,0.048611111,0.131944444,0.333333333
Brandon Bielak ,40.7,38,2,0,4.4,1.38,20,40,17,6,0.047244094,0.133858268,0.299212598
Drew Strotman ,17,13,1,0,5.25,1.55,10,18,8,3,0.051724138,0.137931034,0.224137931
Trevor Cahill ,65.8,55,4,0,4.95,1.43,36,67,27,10,0.049261084,0.133004926,0.270935961
Bryan Shaw ,69.6,63,4,1,4.67,1.47,36,69,33,10,0.046948357,0.154929577,0.295774648
Jake Latz ,11.2,11,1,0,5.02,1.43,6,11,5,2,0.057142857,0.142857143,0.314285714
Chasen Shreve ,47.3,45,3,0,4.62,1.39,24,43,22,8,0.055555556,0.152777778,0.3125
Pedro Baez ,47.9,43,3,0,4.55,1.35,24,45,19,8,0.053333333,0.126666667,0.286666667
Ryan Borucki ,39.9,39,2,0,4.18,1.39,19,37,18,5,0.03968254,0.142857143,0.30952381
Joe Smith ,47,39,3,0,4.17,1.29,22,49,12,7,0.047297297,0.081081081,0.263513514
Juan Minaya ,40.5,41,2,0,4.37,1.38,20,37,19,6,0.048,0.152,0.328
Chaz Roe ,39.1,41,2,0,4.08,1.37,18,35,18,5,0.042372881,0.152542373,0.347457627
Ross Detwiler ,47.5,44,2,0,4.58,1.35,24,47,17,8,0.054794521,0.116438356,0.301369863
Jimmy Lambert ,47.4,47,3,0,4.85,1.42,26,46,21,9,0.062068966,0.144827586,0.324137931
Jalen Beeks ,36.4,35,2,0,4.14,1.36,17,35,14,5,0.044642857,0.125,0.3125
Jose Urena ,103.2,73,5,0,5.11,1.48,59,113,40,17,0.054662379,0.128617363,0.234726688
Oliver Perez ,34.6,32,1,0,4.26,1.31,16,34,12,5,0.046296296,0.111111111,0.296296296
Bryse Wilson ,118.1,83,6,0,5.04,1.41,66,129,38,20,0.056338028,0.107042254,0.233802817
Justin Bruihl ,32.6,30,2,0,3.89,1.29,14,31,12,4,0.039215686,0.117647059,0.294117647
Trent Thornton ,36.6,35,2,0,4.49,1.36,18,37,13,6,0.052631579,0.114035088,0.307017544
David Phelps ,20.7,24,1,0,4.09,1.29,9,19,8,3,0.044776119,0.119402985,0.358208955
Darren O'Day ,22.1,23,1,0,4.14,1.26,10,20,8,3,0.044776119,0.119402985,0.343283582
Matt Foster ,32.4,33,2,0,4.44,1.31,16,31,11,6,0.06,0.11,0.33
Jaime Barria ,71.1,51,4,0,5.26,1.41,42,79,21,15,0.070093458,0.098130841,0.238317757
Jesse Hahn ,41.6,44,3,1,4.34,1.41,20,37,22,5,0.03875969,0.170542636,0.341085271
Wil Crowe ,107.3,92,5,0,5.14,1.47,61,110,47,18,0.055555556,0.145061728,0.283950617
Scott Kazmir ,41.3,34,3,0,4.82,1.42,22,43,16,7,0.055555556,0.126984127,0.26984127
Brad Brach ,46.4,48,2,0,4.65,1.47,24,44,25,7,0.049295775,0.176056338,0.338028169
Gerardo Carrillo ,17,14,1,0,5.08,1.55,10,18,9,2,0.034482759,0.155172414,0.24137931
Tommy Hunter ,36.1,30,2,0,4.02,1.26,16,35,11,5,0.04587156,0.100917431,0.275229358
Jose Alvarez ,53.9,41,3,0,4.02,1.36,24,55,19,6,0.035714286,0.113095238,0.244047619
Justin Wilson ,51.6,51,2,1,4.8,1.45,28,50,25,8,0.050314465,0.157232704,0.320754717
Josh James ,27.2,34,1,0,4.23,1.34,13,23,14,4,0.048192771,0.168674699,0.409638554
Sam Howard ,52.7,61,3,0,4.31,1.39,25,46,28,8,0.049079755,0.171779141,0.374233129
Victor Gonzalez ,28.8,28,1,0,4.11,1.37,13,27,12,4,0.043478261,0.130434783,0.304347826
Bowden Francis ,15.3,14,1,0,5.43,1.47,9,16,6,3,0.0625,0.125,0.291666667
Jandel Gustave ,42.7,38,2,0,4.46,1.36,21,42,16,6,0.045112782,0.120300752,0.285714286
T.J. Zeuch ,36.7,25,2,0,4.6,1.44,19,40,13,5,0.043478261,0.113043478,0.217391304
Cole Winn ,36.5,34,2,0,4.9,1.42,20,35,17,6,0.053097345,0.150442478,0.300884956
Jace Fry ,38.4,42,2,0,4.06,1.41,17,33,21,4,0.033898305,0.177966102,0.355932203
Dennis Santana ,48.5,47,2,0,4.57,1.46,25,46,24,7,0.046979866,0.161073826,0.315436242
Griffin Jax ,92.1,70,5,0,5.55,1.46,57,102,33,18,0.064981949,0.119133574,0.252707581
Kyle Zimmer ,53,49,3,1,4.58,1.45,27,48,29,7,0.043209877,0.179012346,0.302469136
Andrew Albers ,15.5,12,1,0,5.52,1.45,10,19,4,3,0.06,0.08,0.24
Dellin Betances ,37.6,43,2,0,4.33,1.36,18,32,19,4,0.034188034,0.162393162,0.367521368
James McArthur ,13.2,11,1,0,5.12,1.48,8,14,6,2,0.048780488,0.146341463,0.268292683
Tyler Kinley ,59.9,60,3,0,5.05,1.44,34,58,28,10,0.053763441,0.150537634,0.322580645
Jovani Moran ,42.4,51,2,0,4.03,1.4,19,36,23,5,0.038461538,0.176923077,0.392307692
Anthony Banda ,58.6,51,3,1,4.56,1.43,30,60,24,8,0.044444444,0.133333333,0.283333333
Chris Ellis ,63.8,61,3,0,2.12,1.41,15,61,29,10,0.050761421,0.147208122,0.30964467
Andrew Miller ,48.5,49,2,1,4.52,1.41,24,46,22,7,0.046979866,0.147651007,0.32885906
Taylor Clarke ,44.1,37,2,0,4.82,1.42,24,46,17,7,0.052631579,0.127819549,0.278195489
Kyle Bradish ,42,41,2,0,4.85,1.45,23,41,20,7,0.0546875,0.15625,0.3203125
Jake Woodford ,72.3,52,3,0,4.89,1.43,39,75,29,12,0.054794521,0.132420091,0.237442922
Taylor Widener ,58.2,58,3,0,4.92,1.4,32,56,25,10,0.056818182,0.142045455,0.329545455
Max Kranick ,41.6,32,2,0,4.87,1.42,23,44,15,7,0.054263566,0.11627907,0.248062016
Logan Allen ,59.8,51,3,0,4.87,1.45,32,62,25,9,0.048648649,0.135135135,0.275675676
Andrew Wantz ,50.7,55,3,0,4.48,1.34,25,48,20,9,0.057324841,0.127388535,0.350318471
Paul Blackburn ,49.2,35,3,0,4.72,1.41,26,55,14,6,0.040268456,0.093959732,0.234899329
Jordan Yamamoto ,43.2,38,2,0,5.08,1.41,24,44,17,8,0.061068702,0.129770992,0.290076336
Ethan Small ,41.2,39,2,0,4.69,1.43,21,39,20,6,0.048,0.16,0.312
Matt Moore ,76.7,66,4,0,5.38,1.49,46,80,34,15,0.063829787,0.144680851,0.280851064
Kyle McGowin ,37,39,2,0,4.29,1.27,18,34,13,6,0.050847458,0.110169492,0.330508475
Lewis Thorpe ,77.2,61,4,0,5.08,1.46,44,84,29,13,0.055793991,0.124463519,0.261802575
Nick Neidert ,39.1,27,2,0,5.27,1.48,23,42,16,6,0.050847458,0.13559322,0.228813559
Johan Oviedo ,44.3,38,2,0,4.66,1.47,23,43,22,5,0.037037037,0.162962963,0.281481481
Kyle Barraclough ,26.7,33,2,1,4.84,1.4,14,22,16,5,0.058823529,0.188235294,0.388235294
Mike Fiers ,98.5,65,5,0,5.23,1.4,57,109,29,20,0.066889632,0.096989967,0.217391304
Sean Hjelle ,29.7,20,2,0,4.7,1.45,15,32,11,4,0.042553191,0.117021277,0.212765957
Wyatt Mills ,21.6,23,1,0,3.97,1.29,10,20,8,3,0.043478261,0.115942029,0.333333333
Jon Heasley ,46,37,2,0,4.98,1.42,25,48,17,7,0.048611111,0.118055556,0.256944444
Dauri Moreta ,38.9,38,2,0,4.63,1.33,20,38,13,7,0.056910569,0.105691057,0.308943089
Matt Shoemaker ,58,45,3,0,5.39,1.41,35,62,20,10,0.054945055,0.10989011,0.247252747
Louis Head ,47.4,46,2,0,4.09,1.27,22,43,17,7,0.048275862,0.117241379,0.317241379
Humberto Castellanos ,42,31,2,0,3.76,1.38,18,45,13,7,0.0546875,0.1015625,0.2421875
Packy Naughton ,34.3,26,2,0,4.73,1.4,18,37,11,6,0.057142857,0.104761905,0.247619048
Trey Wingenter ,27.3,35,1,0,4.49,1.33,14,23,14,4,0.047619048,0.166666667,0.416666667
Darien Nunez ,15.7,20,1,0,3.66,1.26,6,13,7,3,0.057692308,0.134615385,0.384615385
Jordan Balazovic ,39.7,34,2,0,4.81,1.42,21,41,16,6,0.048387097,0.129032258,0.274193548
Riley O'Brien ,16.3,16,1,0,4.95,1.48,9,16,8,3,0.058823529,0.156862745,0.31372549
Evan Phillips ,35.4,38,2,0,4.24,1.39,17,33,16,5,0.04587156,0.146788991,0.348623853
Angel Perdomo ,34.5,46,2,0,4.08,1.4,16,28,21,5,0.046728972,0.196261682,0.429906542
Trevor Stephan ,57.8,65,3,0,4.65,1.36,30,53,25,10,0.055865922,0.139664804,0.363128492
Dylan Lee ,34,33,2,0,4.2,1.3,16,32,12,5,0.047169811,0.113207547,0.311320755
Kodi Whitley ,40.6,41,2,0,4.05,1.3,18,36,16,6,0.047619048,0.126984127,0.325396825
Nabil Crismatt ,46.7,41,2,0,3.92,1.32,20,47,15,6,0.04137931,0.103448276,0.282758621
Garrett Cleavinger ,19.7,24,1,0,4.04,1.38,9,17,10,3,0.046875,0.15625,0.375
Connor Seabold ,24.9,20,1,0,5.26,1.42,15,26,9,4,0.049382716,0.111111111,0.24691358
Kirby Snead ,14.7,16,1,0,3.58,1.29,6,13,6,1,0.020408163,0.12244898,0.326530612
Alexander Vizcaino ,20.8,18,1,0,5.3,1.57,12,21,11,3,0.044117647,0.161764706,0.264705882
Dany Jimenez ,19.6,23,1,0,3.91,1.34,9,17,10,3,0.047619048,0.158730159,0.365079365
Logan Shore ,16.8,12,1,0,5.75,1.55,11,19,7,3,0.053571429,0.125,0.214285714
Janson Junk ,20,15,1,0,5.36,1.48,12,22,8,4,0.066666667,0.133333333,0.25
Francisco Perez ,37.5,41,2,0,4.27,1.39,18,34,18,5,0.043103448,0.155172414,0.353448276
Adam Conley ,28,25,1,1,4.34,1.39,14,26,13,4,0.043478261,0.141304348,0.27173913
Javy Guerra ,32.8,31,1,0,4.3,1.36,16,32,13,4,0.038461538,0.125,0.298076923
Luke Barker ,20.2,21,1,0,4.17,1.26,9,19,7,3,0.048387097,0.112903226,0.338709677
James Norwood ,15.5,18,1,0,3.95,1.37,7,13,8,2,0.04,0.16,0.36
Josh Winder ,77.8,65,4,0,4.91,1.36,42,81,25,13,0.054393305,0.10460251,0.271966527
Adrian Sampson ,28.3,21,1,0,5.29,1.47,17,32,9,6,0.068965517,0.103448276,0.24137931
Gabe Speier ,45.1,41,2,0,4.31,1.37,22,45,16,6,0.044117647,0.117647059,0.301470588
Sean Poppen ,40.5,39,2,1,4.36,1.41,20,40,17,5,0.04,0.136,0.312
Sean Guenther ,24.1,21,1,0,4.12,1.31,11,24,8,3,0.04109589,0.109589041,0.287671233
Bryan Abreu ,24.5,27,1,0,4.2,1.45,11,21,14,3,0.038961039,0.181818182,0.350649351
Yohan Ramirez ,29.2,36,1,0,4.41,1.45,14,24,19,4,0.04494382,0.213483146,0.404494382
Hunter Harvey ,38.5,35,2,0,4.52,1.36,19,39,14,5,0.042016807,0.117647059,0.294117647
Ryan Sherriff ,49.4,45,4,0,4.31,1.4,24,47,22,6,0.039735099,0.145695364,0.298013245
Wade LeBlanc ,55.1,39,3,0,5.16,1.42,32,61,18,10,0.060240964,0.108433735,0.234939759
Joel Payamps ,50,41,3,0,4.41,1.33,25,51,16,7,0.046666667,0.106666667,0.273333333
Manuel Rodriguez ,51.7,51,3,4,4.44,1.46,25,49,26,7,0.04375,0.1625,0.31875
Cristopher Sanchez ,25.7,26,1,0,4.07,1.42,12,24,13,3,0.036585366,0.158536585,0.317073171
Anthony Castro ,31.8,34,2,0,4.47,1.41,16,29,16,5,0.04950495,0.158415842,0.336633663
Kent Emanuel ,29.2,24,1,0,4.55,1.37,15,30,10,4,0.04494382,0.112359551,0.269662921
Nick Snyder ,37.3,37,2,0,4.57,1.42,19,36,17,6,0.052631579,0.149122807,0.324561404
Stephen Ridings ,19.1,21,1,0,4.34,1.39,9,18,9,3,0.051724138,0.155172414,0.362068966
Nick Mikolajchak ,34.5,35,2,0,4.54,1.34,17,34,13,6,0.056074766,0.121495327,0.327102804
Thomas Eshelman ,29.7,16,2,0,5.26,1.48,17,36,8,6,0.063829787,0.085106383,0.170212766
Carl Edwards,20.1,22,1,0,4.64,1.34,10,17,9,3,0.049180328,0.147540984,0.360655738
Jake Walsh ,17.6,17,1,0,4.38,1.35,9,16,7,3,0.052631579,0.122807018,0.298245614
Shane Greene ,40.6,38,2,0,4.56,1.35,21,40,15,7,0.055555556,0.119047619,0.301587302
Patrick Murphy ,52.1,50,3,0,4.28,1.39,25,51,22,7,0.044585987,0.140127389,0.318471338
Blake Taylor ,48.3,45,3,0,4.45,1.44,24,45,24,7,0.047619048,0.163265306,0.306122449
Jacob Barnes ,31,30,2,1,4.42,1.39,15,31,12,4,0.042553191,0.127659574,0.319148936
Ethan Roberts ,29.2,27,2,0,4.22,1.36,14,29,11,4,0.04494382,0.123595506,0.303370787
Devin Smeltzer ,29.4,25,1,0,4.56,1.32,15,30,9,4,0.043956044,0.098901099,0.274725275
Alex Claudio ,33,26,1,0,4.1,1.38,15,34,12,4,0.039215686,0.117647059,0.254901961
Zach Pop ,56.3,52,2,0,3.99,1.37,25,54,23,6,0.035087719,0.134502924,0.304093567
Scott Oberg ,16.9,16,1,0,4.26,1.37,8,17,6,2,0.035087719,0.105263158,0.280701754
Angel Rondon ,14.1,12,1,0,4.47,1.33,7,14,5,2,0.046511628,0.11627907,0.279069767
Noe Ramirez ,55.5,52,3,2,4.51,1.31,28,53,20,9,0.052941176,0.117647059,0.305882353
Steven Wilson ,14.8,17,1,0,3.78,1.28,6,13,6,2,0.04,0.12,0.34
Sean Nolin ,19.3,17,1,0,5.08,1.46,11,21,8,3,0.05,0.133333333,0.283333333
Phoenix Sanders ,11,11,1,0,3.82,1.27,5,10,4,1,0.029411765,0.117647059,0.323529412
Victor Arano ,13.4,14,1,0,4.3,1.28,6,12,5,2,0.046511628,0.11627907,0.325581395
Seth Martinez ,15.7,15,1,0,4.49,1.34,8,15,6,2,0.038461538,0.115384615,0.288461538
J.C. Mejia ,57.6,52,3,0,4.95,1.44,32,58,25,10,0.056497175,0.141242938,0.293785311
Tommy Nance ,40.3,39,2,0,4.39,1.36,20,38,17,5,0.040650407,0.138211382,0.317073171
Tayler Saucedo ,20,17,1,0,4.19,1.36,9,19,8,2,0.033333333,0.133333333,0.283333333
Seth Romero ,22.4,23,1,0,4.29,1.39,11,21,10,3,0.042857143,0.142857143,0.328571429
Humberto Mejia ,17,14,1,0,5.49,1.44,10,18,6,3,0.051724138,0.103448276,0.24137931
Rex Brothers ,27,36,1,0,4.46,1.44,13,22,17,3,0.034090909,0.193181818,0.409090909
Oliver Ortega ,17.7,17,1,0,4.42,1.42,9,17,8,2,0.034482759,0.137931034,0.293103448
Dietrich Enns ,15.2,14,1,0,3.14,1.11,5,13,4,1,0.021276596,0.085106383,0.29787234
Eduard Bazardo ,16.8,16,1,0,4.93,1.39,9,17,7,3,0.053571429,0.125,0.285714286
Junior Fernandez ,36.8,36,2,0,4.19,1.43,17,34,18,4,0.034482759,0.155172414,0.310344828
Brooks Wilson ,15.1,15,1,0,4.43,1.39,7,15,6,2,0.043478261,0.130434783,0.326086957
Andrew Bellatti ,10.5,12,1,0,4.29,1.24,5,10,4,1,0.028571429,0.114285714,0.342857143
Eric Orze ,10.3,10,1,0,4.65,1.39,5,10,4,1,0.03030303,0.121212121,0.303030303
Jimmy Cordero ,13,12,1,0,4.5,1.42,7,13,6,2,0.047619048,0.142857143,0.285714286
Arodys Vizcaino ,14,15,1,0,4.5,1.4,7,13,7,2,0.043478261,0.152173913,0.326086957
Joan Adon ,33.6,28,2,0,5.05,1.46,19,34,15,5,0.047619048,0.142857143,0.266666667
Nick Vincent ,22.2,20,1,0,4.38,1.34,11,22,7,4,0.058823529,0.102941176,0.294117647
Chris Mazza ,40.5,36,3,0,4.11,1.33,19,39,15,5,0.04,0.12,0.288
Ray Kerr ,14.9,14,1,0,4.54,1.5,8,15,8,2,0.039215686,0.156862745,0.274509804
Calvin Faucher ,14.8,15,0,0,4.43,1.47,7,14,8,2,0.04,0.16,0.3
Enyel De,15.8,17,1,0,4.14,1.3,7,14,6,2,0.037735849,0.113207547,0.320754717
Corey Oswalt ,25.5,21,2,0,4.41,1.31,13,27,6,7,0.0875,0.075,0.2625
Aaron Fletcher ,15.8,13,1,0,4.43,1.43,8,17,6,2,0.037735849,0.113207547,0.245283019
Miguel Diaz ,42,42,2,0,4.77,1.37,22,38,20,7,0.0546875,0.15625,0.328125
Alexis Diaz ,24.5,27,1,0,4.71,1.45,13,23,13,4,0.051948052,0.168831169,0.350649351
Eric Yardley ,31.8,20,1,0,4.61,1.45,16,35,11,4,0.03960396,0.108910891,0.198019802
Luis Frias ,20.2,19,1,0,4.3,1.37,10,19,9,3,0.048387097,0.14516129,0.306451613
Justin Anderson ,33.5,37,1,0,4.49,1.46,17,30,19,4,0.038461538,0.182692308,0.355769231
Ty Blach ,19.1,12,1,0,5.75,1.57,12,23,7,3,0.051724138,0.120689655,0.206896552
Shea Spitzbarth ,10.2,9,0,0,3.59,1.35,4,10,4,1,0.03125,0.125,0.28125
Ian Krol ,32.8,32,2,0,4.37,1.41,16,31,15,4,0.038461538,0.144230769,0.307692308
Gregory Santos ,22.3,23,1,0,4.35,1.36,11,21,10,3,0.043478261,0.144927536,0.333333333
Michel Baez ,8.2,9,0,0,4.31,1.4,4,8,4,1,0.038461538,0.153846154,0.346153846
Sam Moll ,49.4,48,2,0,4.24,1.42,23,46,24,6,0.039735099,0.158940397,0.317880795
Trevor Hildenberger ,19,16,1,0,4.68,1.44,10,19,8,3,0.045454545,0.121212121,0.242424242
Blake Weiman ,23.9,21,1,0,4.51,1.4,12,24,9,3,0.038461538,0.115384615,0.269230769
Robert Dugger ,20.3,16,1,0,5.02,1.44,11,22,8,3,0.047619048,0.126984127,0.253968254
Robert Broom ,22,20,1,0,4.64,1.44,11,22,10,3,0.044117647,0.147058824,0.294117647
Ryan Weiss ,23.9,22,1,0,4.65,1.4,12,24,9,3,0.038461538,0.115384615,0.282051282
Enoli Paredes ,12.3,14,1,0,4.39,1.46,6,10,7,2,0.051282051,0.179487179,0.358974359
Ramon Rosso ,16.7,16,1,0,4.54,1.41,8,16,8,2,0.036363636,0.145454545,0.290909091
Freddy Pacheco ,24.3,27,1,0,4.37,1.52,12,21,16,3,0.04,0.213333333,0.36
Brody Koerner ,12.7,9,0,0,4.74,1.47,7,14,5,2,0.046511628,0.11627907,0.209302326
Yoan Lopez ,17.5,16,1,0,4.59,1.38,9,17,7,3,0.053571429,0.125,0.285714286
Kevin Ginkel ,24,27,1,5,4.5,1.42,12,23,11,5,0.065789474,0.144736842,0.355263158
Hans Crouse ,46.2,40,2,0,5.11,1.4,26,45,19,9,0.064285714,0.135714286,0.285714286
Kyle Dohy ,13.3,16,0,0,4.73,1.45,7,11,8,2,0.047619048,0.19047619,0.380952381
Ryan Hendrix ,32.3,34,2,0,4.8,1.47,17,32,16,5,0.050505051,0.161616162,0.343434343
Jake Reed ,39.3,38,2,0,4.44,1.38,19,38,16,6,0.05,0.133333333,0.316666667
Michael Feliz ,34.1,35,2,1,4.82,1.4,18,34,14,6,0.058252427,0.13592233,0.339805825
Jake Faria ,18.6,18,1,0,4.81,1.45,10,19,8,3,0.05,0.133333333,0.3
Joe Mantiply ,53.4,50,3,0,4.29,1.37,25,54,19,7,0.042944785,0.116564417,0.306748466
Edwin Uceta ,12,12,0,0,4.18,1.36,6,11,5,2,0.052631579,0.131578947,0.315789474
Connor Overton ,16.5,14,1,0,4.36,1.26,8,16,5,3,0.056603774,0.094339623,0.264150943
Angel De,32,31,2,0,4.59,1.48,16,30,17,4,0.040816327,0.173469388,0.316326531
Ian Gibaut ,25,24,1,0,4.8,1.49,13,25,12,3,0.0375,0.15,0.3
Brandon Kintzler ,40.6,29,2,0,4.67,1.43,21,44,14,6,0.047619048,0.111111111,0.23015873
Wandisson Charles ,17.6,20,1,0,4.72,1.57,9,16,12,3,0.052631579,0.210526316,0.350877193
Tanner Anderson ,19.7,13,1,0,4.58,1.46,10,21,7,3,0.046875,0.109375,0.203125
Matt Bush ,21.2,21,1,1,5.09,1.46,12,21,10,5,0.076923077,0.153846154,0.323076923
Clarke Schmidt ,20,19,1,0,4.7,1.39,10,20,8,3,0.05,0.133333333,0.316666667
Ryan Burr ,42.5,39,2,0,4.45,1.44,21,40,21,6,0.045801527,0.160305344,0.297709924
Blake Cederlind ,28.4,27,1,0,4.45,1.44,14,28,13,3,0.034090909,0.147727273,0.306818182
Matt Bowman ,11.5,10,0,0,4.66,1.45,6,12,5,2,0.052631579,0.131578947,0.263157895
Kyle Tyler ,35,28,2,0,4.61,1.4,18,36,13,5,0.045454545,0.118181818,0.254545455
Durbin Feltman ,20.9,20,1,0,5.24,1.5,12,21,10,3,0.043478261,0.144927536,0.289855072
Jimmy Herget ,50.3,50,3,0,4.68,1.41,26,49,22,8,0.052287582,0.14379085,0.326797386
Keynan Middleton ,21.1,21,1,1,4.72,1.46,11,21,10,3,0.046875,0.15625,0.328125
Miguel Sanchez ,27.4,26,2,0,4.71,1.43,14,27,12,4,0.047058824,0.141176471,0.305882353
Jonathan Holder ,24.8,22,1,0,4.72,1.38,13,25,9,4,0.05,0.1125,0.275
Wes Benjamin ,24.2,20,1,0,5.46,1.58,15,27,11,5,0.067567568,0.148648649,0.27027027
Ryan Mason ,24,22,1,0,4.7,1.43,13,24,10,3,0.039473684,0.131578947,0.289473684
Kyle Crick ,16.8,17,1,0,4.71,1.48,9,16,9,2,0.035714286,0.160714286,0.303571429
Brandon Workman ,36.8,37,2,1,4.77,1.53,20,36,21,6,0.051724138,0.181034483,0.318965517
Jose Marte ,10.3,11,1,0,4.83,1.49,6,9,6,1,0.03030303,0.181818182,0.333333333
Hector Santiago ,24,24,1,0,4.61,1.44,12,23,11,4,0.052631579,0.144736842,0.315789474
Luke Farrell ,17.3,20,1,0,4.67,1.44,9,16,9,3,0.055555556,0.166666667,0.37037037
Bryan Baker ,17.8,18,1,0,4.83,1.49,10,17,10,3,0.050847458,0.169491525,0.305084746
Cionel Perez ,41.8,43,2,0,4.43,1.46,21,39,22,6,0.045801527,0.167938931,0.328244275
Tyler Zuber ,31.3,32,2,0,4.78,1.47,17,29,17,5,0.052083333,0.177083333,0.333333333
Kaleb Ort ,20.4,22,1,0,4.83,1.48,11,19,11,3,0.046875,0.171875,0.34375
Drew Carlton ,10.7,8,0,0,5.06,1.41,6,11,4,2,0.054054054,0.108108108,0.216216216
Daniel Duarte ,22.3,21,1,0,5.2,1.51,13,23,11,4,0.057971014,0.15942029,0.304347826
Jhon Romero ,26.1,23,1,0,4.87,1.37,14,27,9,4,0.050632911,0.113924051,0.291139241
Erasmo Ramirez ,28.6,22,1,0,4.9,1.34,16,30,9,5,0.055555556,0.1,0.244444444
Fernando Abad ,33.8,27,2,0,4.64,1.36,17,35,11,5,0.046728972,0.102803738,0.252336449
Adonis Medina ,14.5,12,1,0,4.97,1.45,8,15,6,2,0.042553191,0.127659574,0.255319149
Andre Jackson ,38.6,35,2,0,4.84,1.43,21,38,17,7,0.058333333,0.141666667,0.291666667
Alec Bettinger ,25.2,21,2,0,4.81,1.35,13,26,8,4,0.051948052,0.103896104,0.272727273
Alberto Baldonado ,14.1,15,1,0,4.76,1.44,7,14,7,2,0.046511628,0.162790698,0.348837209
Conner Greene ,29,27,2,0,4.34,1.59,14,33,13,5,0.052083333,0.135416667,0.28125
Michael Rucker ,43.3,42,2,0,4.58,1.37,22,44,15,7,0.053030303,0.113636364,0.318181818
Austin Davis ,45,46,2,0,4.56,1.4,23,43,20,6,0.042857143,0.142857143,0.328571429
Dillon Maples ,37.1,45,2,0,4.33,1.53,18,29,28,4,0.035714286,0.25,0.401785714
Paul Campbell ,33.9,27,2,0,4.82,1.4,18,35,12,5,0.046296296,0.111111111,0.25
Justin Topa ,22.9,20,1,0,4.94,1.41,13,24,8,4,0.053333333,0.106666667,0.266666667
Thomas Szapucki ,15.1,14,1,0,5.01,1.53,8,15,8,3,0.065217391,0.173913043,0.304347826
Cam Bedrosian ,28.5,26,1,0,4.49,1.4,14,28,12,4,0.04494382,0.134831461,0.292134831
Nick Mears ,50.2,51,3,1,4.65,1.43,26,48,24,8,0.052631579,0.157894737,0.335526316
Ryne Harper ,39.8,36,2,0,4.69,1.34,21,40,13,6,0.048,0.104,0.288
James Hoyt ,9.5,10,1,0,5.21,1.47,6,10,5,2,0.0625,0.15625,0.3125
Beau Burrows ,8,7,0,0,5.25,1.42,5,8,3,2,0.0625,0.09375,0.21875
Shelby Miller ,17.6,16,1,0,5.07,1.53,10,18,9,3,0.052631579,0.157894737,0.280701754
Luis Avilan ,23,21,1,0,4.73,1.44,12,23,10,4,0.055555556,0.138888889,0.291666667
Buck Farmer ,29.3,27,1,1,4.86,1.45,16,30,13,5,0.055555556,0.144444444,0.3
Caleb Baragar ,26.3,22,1,1,5.11,1.45,15,26,12,4,0.049382716,0.148148148,0.271604938
Marcos Diplan ,19.5,17,1,0,4.92,1.45,11,18,10,3,0.048387097,0.161290323,0.274193548
Nick Nelson ,44.7,48,2,0,4.45,1.48,22,41,25,6,0.043165468,0.179856115,0.345323741
Damon Jones ,16.9,18,1,0,4.55,1.55,9,15,11,2,0.035087719,0.192982456,0.315789474
Jonathan Stiever ,30,26,2,0,5.3,1.4,18,32,10,6,0.066666667,0.111111111,0.288888889
Gabe Klobosits ,20.2,17,1,0,5.18,1.5,12,21,9,4,0.064516129,0.14516129,0.274193548
Alex Lange ,52.3,50,3,0,4.49,1.46,26,51,25,7,0.044025157,0.157232704,0.314465409
Isaac Mattson ,25.9,25,1,0,4.76,1.43,14,25,12,4,0.047619048,0.142857143,0.297619048
Duane Underwood,62.5,57,3,1,4.53,1.41,31,64,25,9,0.047120419,0.130890052,0.298429319
Robert Gsellman ,35.8,27,2,0,4.68,1.41,19,38,13,5,0.044247788,0.115044248,0.238938053
Collin Snider ,22.9,16,1,0,5.11,1.49,13,26,9,3,0.04,0.12,0.213333333
Jake Arrieta ,69.7,52,4,0,5.16,1.5,40,77,28,12,0.056074766,0.130841121,0.242990654
Adam Kolarek ,33,21,2,0,4.31,1.44,16,36,12,3,0.029411765,0.117647059,0.205882353
Drew Hutchison ,21.5,16,1,0,4.71,1.5,11,22,10,3,0.044117647,0.147058824,0.235294118
AJ Ramos ,38.8,39,1,0,4.93,1.44,21,37,19,7,0.057377049,0.155737705,0.319672131
Justin Garza ,22,22,1,0,5.19,1.51,13,22,12,4,0.058823529,0.176470588,0.323529412
Junior Guerra ,42.7,39,2,0,4.77,1.47,23,40,22,5,0.037593985,0.165413534,0.293233083
Anderson Severino ,19,18,1,0,5.14,1.65,11,19,12,3,0.045454545,0.181818182,0.272727273
Sam Clay ,31.4,26,2,0,4.53,1.51,16,33,15,3,0.030927835,0.154639175,0.268041237
Sam Selman ,34.7,36,1,0,4.74,1.4,18,31,18,5,0.04587156,0.165137615,0.330275229
Josh Tomlin ,46.2,35,2,0,4.98,1.32,26,52,8,10,0.071428571,0.057142857,0.25
Felix Bautista ,31,32,2,0,5.24,1.59,18,29,20,5,0.053191489,0.212765957,0.340425532
Miguel Del,40.9,42,2,0,4.49,1.42,20,39,19,6,0.046511628,0.147286822,0.325581395
Zack Burdi ,24.6,26,1,0,4.89,1.47,13,24,12,4,0.051282051,0.153846154,0.333333333
Domingo Tapia ,54.6,45,2,2,4.73,1.49,29,55,26,8,0.047619048,0.154761905,0.267857143
Ralph Garza,50,47,3,0,4.75,1.42,26,48,23,8,0.053333333,0.153333333,0.313333333
Yennsy Diaz ,29.5,25,1,0,5.05,1.47,17,30,14,5,0.054347826,0.152173913,0.27173913
Dan Winkler ,48,48,2,0,4.81,1.47,26,44,26,7,0.046052632,0.171052632,0.315789474
Brett de,20.3,17,1,0,4.61,1.48,10,21,9,2,0.031746032,0.142857143,0.26984127
Joey Krehbiel ,47.4,45,2,0,5.09,1.44,27,48,21,9,0.062068966,0.144827586,0.310344828
Mike Baumann ,49.5,41,2,0,4.94,1.46,27,49,23,7,0.046052632,0.151315789,0.269736842
Mason Thompson ,38,34,2,0,4.86,1.52,21,39,19,6,0.049180328,0.155737705,0.278688525
Jason Foley ,31.7,26,1,0,4.69,1.5,17,33,15,4,0.04,0.15,0.26
Albert Abreu ,39.6,42,2,0,4.84,1.49,21,37,22,6,0.048780488,0.178861789,0.341463415
Tanner Roark ,47.5,38,3,0,5.12,1.43,27,51,17,9,0.061643836,0.116438356,0.260273973
Ben Bowden ,32.3,36,2,0,5.03,1.49,18,32,16,6,0.060606061,0.161616162,0.363636364
Jordan Holloway ,35.5,34,2,0,4.69,1.51,18,32,22,5,0.045454545,0.2,0.309090909
Cory Abbott ,26.6,25,1,0,5.14,1.46,15,26,13,5,0.05952381,0.154761905,0.297619048
Ronald Bolanos ,24.2,22,1,0,4.88,1.5,13,24,12,3,0.040540541,0.162162162,0.297297297
Matt Peacock ,35.3,22,2,0,4.87,1.52,19,41,13,4,0.037037037,0.12037037,0.203703704
Antonio Santos ,21.7,17,1,0,5.07,1.47,12,23,9,4,0.057142857,0.128571429,0.242857143
Joey Wentz ,47.8,39,2,0,5.52,1.54,29,50,24,9,0.060402685,0.161073826,0.261744966
JD Hammer ,21,20,1,0,5.35,1.52,12,22,10,4,0.0625,0.15625,0.3125
Corbin Martin ,42.1,36,2,0,5.6,1.56,26,44,21,7,0.05511811,0.165354331,0.283464567
Yency Almonte ,41.2,39,2,0,4.96,1.48,23,41,20,6,0.048,0.16,0.312
Rony Garcia ,31.7,27,2,0,5.18,1.43,18,32,13,6,0.06,0.13,0.27
Julian Fernandez ,26.1,23,1,0,5.27,1.51,15,27,12,4,0.050632911,0.151898734,0.291139241
Ervin Santana ,41.6,33,2,0,5.08,1.41,23,44,15,7,0.054263566,0.11627907,0.255813953
Phillips Valdez ,41,36,2,0,5.01,1.53,23,43,20,6,0.048387097,0.161290323,0.290322581
Ryan Rolison ,51.6,41,3,0,5.5,1.48,32,57,19,10,0.062893082,0.119496855,0.257861635
Anthony Gose ,45.1,53,3,0,5.19,1.64,26,39,35,7,0.051470588,0.257352941,0.389705882
Andres Machado ,52.8,46,2,0,4.98,1.45,29,54,22,9,0.054878049,0.134146341,0.280487805
Eric Hanhold ,38.2,31,2,0,5.04,1.49,21,40,17,6,0.051724138,0.146551724,0.267241379
Aaron Sanchez ,53.5,38,3,0,5.24,1.55,31,58,25,8,0.048780488,0.152439024,0.231707317
Lucas Gilbreath ,51.1,47,2,0,5.18,1.53,29,52,26,8,0.051948052,0.168831169,0.305194805
Charlie Barnes ,45.3,29,2,0,5.23,1.51,26,50,18,7,0.050724638,0.130434783,0.210144928
Julio Teheran ,85.5,70,4,0,5.33,1.46,51,86,39,16,0.061538462,0.15,0.269230769
Cody Ponce ,39,31,2,0,5.42,1.47,24,44,14,7,0.055555556,0.111111111,0.246031746
Ryan Feltner ,44.4,35,2,0,5.78,1.57,29,50,19,8,0.058823529,0.139705882,0.257352941
Zac Lowther ,106.1,94,6,0,5.01,1.46,59,107,47,18,0.056426332,0.147335423,0.294670846
Justin Lawrence ,35.3,31,2,0,5.44,1.65,21,38,20,5,0.046296296,0.185185185,0.287037037
Jordan Sheffield ,43.1,39,2,0,5.39,1.55,26,43,24,7,0.053846154,0.184615385,0.3
Jhoulys Chacin ,70.6,56,3,0,4.82,1.47,38,75,28,12,0.055555556,0.12962963,0.259259259
Chase Anderson ,86.8,65,4,0,5.6,1.48,54,95,34,18,0.067669173,0.127819549,0.244360902
Josh Rogers ,77.4,48,4,0,5.92,1.51,51,91,26,17,0.072340426,0.110638298,0.204255319
Ashton Goudeau ,38.2,26,2,0,5.78,1.55,25,45,14,7,0.060344828,0.120689655,0.224137931
Peter Lambert ,81.5,57,4,0,5.66,1.52,51,96,28,15,0.060483871,0.112903226,0.22983871
Dan Straily ,100.7,83,4,0,5.33,1.43,60,107,37,20,0.06514658,0.120521173,0.270358306
Chi Chi,79.3,47,3,0,5.82,1.59,51,95,31,13,0.054166667,0.129166667,0.195833333
Jimmy Nelson ,27,34,2,0,3.33,1.15,10,19,13,2,0.022727273,0.147727273,0.386363636
Burch Smith ,40,33,2,0,4.28,1.35,19,42,13,5,0.041666667,0.108333333,0.275
Stephen Gonsalves ,8,8,1,0,3.94,1.31,4,7,4,2,0.0625,0.125,0.25
Jose Castillo ,11.2,14,1,0,3.54,1.13,4,8,4,1,0.028571429,0.114285714,0.4
Dusten Knight ,11.5,11,1,0,4.3,1.35,6,11,5,2,0.052631579,0.131578947,0.289473684
Roel Ramirez ,10.5,10,1,0,4.29,1.38,5,10,5,2,0.057142857,0.142857143,0.285714286
Joe Palumbo ,42.7,45,3,0,4.85,1.4,23,40,20,8,0.060150376,0.15037594,0.338345865
Reyes Moronta ,9.5,10,1,4,4.74,1.47,5,8,7,2,0.0625,0.21875,0.3125
Mitchell Stumpo ,18.4,18,1,0,4.27,1.34,9,18,7,2,0.034482759,0.120689655,0.310344828
Scott Blewett ,13.5,12,1,0,5.33,1.48,8,14,6,2,0.045454545,0.136363636,0.272727273
Alexander Wells ,53.9,38,3,0,5,1.36,30,60,14,10,0.05952381,0.083333333,0.226190476
Caleb Kilian ,11.2,9,1,0,4.27,1.31,5,11,3,2,0.057142857,0.085714286,0.257142857
Neftali Feliz ,16,18,1,0,4.69,1.35,8,15,7,3,0.055555556,0.12962963,0.333333333
Matt Festa ,18,17,1,0,4.5,1.37,9,18,7,3,0.048387097,0.112903226,0.274193548
Ryan Weber ,17.3,15,1,0,4.5,1.33,9,18,5,3,0.055555556,0.092592593,0.277777778
Jake Petricka ,16.7,14,1,0,4.5,1.38,8,17,6,2,0.036363636,0.109090909,0.254545455
Bennett Sousa ,12.8,13,1,0,4.52,1.4,6,13,5,2,0.045454545,0.113636364,0.295454545
Joey Gerber ,15.1,14,1,0,4.58,1.43,8,15,7,3,0.065217391,0.152173913,0.304347826
Tyler Johnson ,12,12,1,0,4.5,1.47,6,11,6,2,0.052631579,0.157894737,0.315789474
Cole Sands ,9.9,9,1,0,5.07,1.41,6,10,4,2,0.055555556,0.111111111,0.25
Matt Frisbee ,12.6,10,1,0,5.01,1.33,7,13,4,3,0.071428571,0.095238095,0.238095238
Nick Tropeano ,17.7,16,1,0,4.65,1.39,9,18,7,3,0.051724138,0.120689655,0.275862069
Felix Pena ,19.8,18,1,0,4.76,1.38,11,20,8,3,0.046153846,0.123076923,0.276923077
Brandon Waddell ,11.8,10,1,0,4.42,1.48,6,12,5,2,0.048780488,0.12195122,0.243902439
Jake Jewell ,13.7,13,1,0,4.83,1.41,7,14,5,2,0.043478261,0.108695652,0.282608696
Ryan Pepiot ,11.2,11,1,0,5.07,1.39,6,11,5,2,0.057142857,0.142857143,0.314285714
Jake Newberry ,12.3,13,1,0,4.86,1.46,7,13,5,2,0.051282051,0.128205128,0.333333333
Taylor Cole ,12.3,12,1,0,4.78,1.47,7,13,6,2,0.051282051,0.153846154,0.307692308
JoJo Romero ,9.3,8,1,0,4.86,1.46,5,10,4,2,0.066666667,0.133333333,0.266666667
Graham Ashcraft ,11.9,11,1,0,4.82,1.46,6,12,5,2,0.047619048,0.119047619,0.261904762
J.P. France ,8.5,9,1,0,5.29,1.47,5,9,4,2,0.068965517,0.137931034,0.310344828
Penn Murfee ,8,8,0,0,4.5,1.31,4,8,3,1,0.03125,0.09375,0.25
Edgar Garcia ,16,16,1,0,5.06,1.46,9,15,8,3,0.055555556,0.148148148,0.296296296
Geoff Hartlieb ,11,10,1,0,4.91,1.55,6,11,6,1,0.029411765,0.176470588,0.294117647
Kyle Ryan ,8,7,0,0,4.5,1.38,4,8,3,1,0.03125,0.09375,0.21875
Garrett Hill ,15.2,13,1,0,5.17,1.45,9,15,7,3,0.063829787,0.14893617,0.276595745
Logan Verrett ,6,4,0,0,4.5,1.33,3,7,1,1,0.041666667,0.041666667,0.166666667
Nick Robertson ,4,4,0,0,4.5,1.38,2,4,2,1,0.0625,0.125,0.25
Thomas Burrows ,6,7,0,0,4.5,1.5,3,6,4,1,0.041666667,0.166666667,0.291666667
Johan Quezada ,4.5,4,0,0,4.43,1.48,2,4,2,1,0.058823529,0.117647059,0.235294118
Zach Jackson ,4,4,0,0,4.5,1.5,2,4,2,1,0.0625,0.125,0.25
Ricardo Pinto ,4,3,0,0,4.5,1.5,2,4,2,1,0.0625,0.125,0.1875
Parker Dunshee ,10.4,9,0,0,4.8,1.41,6,11,4,2,0.058823529,0.117647059,0.264705882
Anderson Espinoza ,14.8,15,0,0,4.69,1.46,8,14,7,2,0.04,0.14,0.3
Andre Scrubb ,4,4,0,0,4.5,1.63,2,4,3,1,0.0625,0.1875,0.25
Zach Muckenhirn ,6,6,0,0,4.5,1.58,3,6,4,1,0.041666667,0.166666667,0.25
Cole Uvila ,6,6,0,0,4.5,1.58,3,6,4,1,0.041666667,0.166666667,0.25
Cayne Ueckert ,6,6,0,0,4.5,1.58,3,6,4,1,0.041666667,0.166666667,0.25
Roenis Elias ,6,6,0,0,5.25,1.42,4,6,3,1,0.041666667,0.125,0.25
Cole Gordon ,9.7,9,0,0,4.93,1.47,5,10,5,1,0.029411765,0.147058824,0.264705882
Kyle Nelson ,8.5,8,0,0,4.89,1.5,5,8,4,1,0.034482759,0.137931034,0.275862069
Jake Bird ,12,9,1,0,5.25,1.61,7,13,6,1,0.026315789,0.157894737,0.236842105
Shaun Anderson ,12.3,11,0,0,5.14,1.43,7,13,5,2,0.051282051,0.128205128,0.282051282
Jared Solomon ,4,4,0,0,5.63,1.63,3,4,3,1,0.0625,0.1875,0.25
Gray Fenter ,4,4,0,0,5.63,1.63,3,4,3,1,0.0625,0.1875,0.25
Conner Menez ,18.8,18,1,0,5.16,1.56,11,20,9,3,0.048387097,0.14516129,0.290322581
Daniel Mengden ,13.7,10,0,0,4.61,1.37,7,14,4,2,0.043478261,0.086956522,0.217391304
Elvis Peguero ,8.3,7,0,0,5.04,1.56,5,9,4,1,0.037037037,0.148148148,0.259259259
Daniel Gossett ,8,6,0,0,5.06,1.56,5,9,4,1,0.03125,0.125,0.1875
Jesus Tinoco ,10,9,0,0,5.4,1.5,6,10,5,2,0.066666667,0.166666667,0.3
Argenis Angulo ,10,10,0,0,5.4,1.55,6,10,6,2,0.066666667,0.2,0.333333333
Jordan Weems ,10,10,0,0,5.4,1.6,6,10,6,2,0.066666667,0.2,0.333333333
Brad Peacock ,12.3,11,0,0,6.32,1.46,9,13,5,2,0.051282051,0.128205128,0.282051282
Yoan Aybar ,8.5,7,0,0,6.22,1.82,6,9,6,2,0.068965517,0.206896552,0.24137931
Daniel Tillo ,11.2,7,0,0,6.14,1.69,8,13,6,2,0.057142857,0.171428571,0.2
